user_id,station_id,start_time,end_time,utility,charge_needed,algorithm
0,10,237,240,77.2616156398342,17.026445149193748,Priority Based
0,11,92,96,60.65265341267826,36.7465005279211,Priority Based
0,13,116,118,119.229954366309,25.053988884671824,Priority Based
1,8,322,325,140.88240309687967,49.0255759366112,Priority Based
1,10,285,291,72.70012993384206,74.92846842629379,Priority Based
2,9,260,263,66.8141085894747,49.39088261454817,Priority Based
3,3,180,182,80.11458766087013,14.93659932900819,Priority Based
3,9,61,63,169.91132953245372,23.246611823449815,Priority Based
3,9,274,276,61.736476980343795,19.255556885068426,Priority Based
3,4,85,88,164.1338453271316,44.77007440493476,Priority Based
4,2,272,278,98.99317532448607,73.8605488176303,Priority Based
4,1,276,282,132.80595427328763,54.47078160029769,Priority Based
5,13,254,257,72.74908908690624,34.70524973227224,Priority Based
5,12,333,335,122.75933433047433,24.862753327760462,Priority Based
6,1,321,326,61.88498896908822,64.20844192566553,Priority Based
7,11,80,81,87.37298084448209,15.752911547860364,Priority Based
7,8,233,237,179.23814227596108,23.014120256388306,Priority Based
7,5,328,330,153.2629051564871,32.40311822935359,Priority Based
8,9,305,307,141.58734241028498,24.368756258798932,Priority Based
8,6,65,67,100.58228923246953,21.181792077705953,Priority Based
8,7,249,254,153.59838388526455,29.396870471978772,Priority Based
9,14,298,301,111.84174789990315,44.660423299729786,Priority Based
9,9,248,255,120.9548480514357,46.54806084937037,Priority Based
9,1,154,159,145.48210238524555,75.40933629938078,Priority Based
10,11,139,144,67.58878369708633,58.71745582573021,Priority Based
11,11,187,189,148.89154583389018,27.51937795781812,Priority Based
11,8,31,33,119.95864102147097,38.67758611292691,Priority Based
11,0,322,324,136.59662651583938,26.79149013384148,Priority Based
11,3,281,286,176.6458089077314,41.55507088991491,Priority Based
11,12,330,335,94.5294670802725,43.99460018545236,Priority Based
12,11,43,46,72.48434248936363,39.37493792431663,Priority Based
12,4,18,22,191.17800882146963,50.58408436245451,Priority Based
12,11,274,279,178.838056476498,43.70636143416222,Priority Based
12,13,326,329,135.89717077737342,55.213621026153525,Priority Based
12,14,225,229,148.85127601390377,53.26632237432137,Priority Based
13,12,159,167,74.41490067188903,78.7963548053716,Priority Based
13,4,90,93,91.68531769158561,44.85025431117588,Priority Based
13,2,301,303,75.78052982626438,34.870130490496386,Priority Based
13,3,258,260,146.04695738023457,25.395903638307402,Priority Based
14,0,249,251,179.4712845040644,21.280181732418107,Priority Based
14,7,224,228,86.02266118291405,32.83345382594405,Priority Based
14,9,175,177,125.03014763151627,19.220577982041497,Priority Based
14,3,132,133,143.84836271656937,7.918061574640593,Priority Based
15,0,281,285,144.58160869400893,34.57824165297535,Priority Based
15,11,42,48,121.1252670995704,53.24527069542522,Priority Based
15,2,158,161,122.52387077684486,42.676761903037345,Priority Based
15,11,17,19,118.65919945734319,32.373894159363545,Priority Based
16,0,330,334,55.41344084023208,65.85299739487105,Priority Based
16,12,275,278,81.11206807596474,44.51285306227482,Priority Based
16,2,109,113,107.57193053312042,51.61011952278722,Priority Based
17,14,90,98,73.10361379470595,77.06814355889473,Priority Based
17,7,202,204,84.34206161306739,37.016344024662345,Priority Based
17,14,38,41,90.9838478109594,38.96628645993326,Priority Based
18,5,31,34,127.64353991284874,30.962399565230797,Priority Based
18,9,105,109,90.18103806214127,38.4409205296936,Priority Based
18,14,322,325,104.82479477627902,43.98733080916684,Priority Based
19,2,57,61,144.9202239103141,47.54497349946182,Priority Based
19,7,163,167,161.51948334776236,37.68770468015969,Priority Based
19,8,104,106,187.865275954531,35.016393678512394,Priority Based
19,14,41,43,181.31739872685372,36.80933221383237,Priority Based
19,9,90,94,149.69358995884969,55.33869986855634,Priority Based
20,11,200,201,162.31341339897148,15.042870983178801,Priority Based
20,13,91,95,94.39289517146999,42.00548441740922,Priority Based
20,12,186,188,69.21981842909594,34.496329214608025,Priority Based
20,8,330,332,137.15240814668783,32.79745333844403,Priority Based
21,5,41,45,96.5023449320218,40.40352781652644,Priority Based
21,7,17,22,112.33986648359871,56.01681030359556,Priority Based
21,7,283,288,128.970164249634,61.691969981438476,Priority Based
21,2,258,259,158.94413626793892,6.703747885974245,Priority Based
22,3,7,12,68.60340613712786,80.68710847346148,Priority Based
23,5,191,194,77.79696911319125,34.55604759515848,Priority Based
23,0,118,120,103.53301670700876,34.08318087187198,Priority Based
24,3,31,39,131.18082986969372,71.46610597275921,Priority Based
24,7,105,113,77.60368104147292,70.17543765861461,Priority Based
24,6,139,147,148.76754106403376,83.44800756393029,Priority Based
24,9,57,62,158.86274863680376,71.41621542433283,Priority Based
24,13,91,96,80.81097578841226,54.91951966280159,Priority Based
25,8,44,49,97.52465265872004,85.99936811202436,Priority Based
26,11,223,225,78.58148815607171,38.48059963767836,Priority Based
26,8,302,304,149.95533984997726,31.431823514443078,Priority Based
26,11,211,214,161.14624365817235,30.974794766229774,Priority Based
27,0,274,282,108.61874485033978,60.65173820661343,Priority Based
27,0,59,64,160.13450578700355,48.65493247233792,Priority Based
27,2,272,277,121.72598958132242,55.858530780694394,Priority Based
28,5,94,96,40.45767452335718,10.688477785701256,Priority Based
28,9,187,189,46.51919818474212,29.01416523576155,Priority Based
29,5,44,45,136.36230009199534,5.0,Priority Based
29,14,182,184,135.8309440507048,26.281391989647325,Priority Based
29,4,304,306,140.94848227744026,24.060130107021905,Priority Based
30,14,281,286,173.03472072544912,34.395198536121974,Priority Based
30,3,300,304,150.47424989804247,63.610996810139056,Priority Based
30,2,154,157,181.195110618162,60.40842603163778,Priority Based
30,7,90,94,81.9944471537457,69.97244655939103,Priority Based
30,3,199,207,163.16048607581834,85.96246979402856,Priority Based
31,6,302,306,102.7341332157859,51.677749979487736,Priority Based
32,14,43,48,185.13011468825502,45.644271316728634,Priority Based
32,12,223,227,156.88652785131873,42.774326797572414,Priority Based
32,1,9,14,133.8883791129234,56.33723153520783,Priority Based
32,6,139,142,165.4567387910336,50.091963371197544,Priority Based
32,14,8,12,140.31929889394323,46.41697188761005,Priority Based
33,14,31,34,104.02952450038023,31.6208961325933,Priority Based
33,1,81,83,114.51506587413989,9.131560547656097,Priority Based
33,10,105,108,134.76175755923452,50.70675791366632,Priority Based
34,1,175,177,106.42776998527253,27.091482417581105,Priority Based
34,7,258,263,185.66818343418728,49.94055217281076,Priority Based
34,3,302,308,67.36053552892025,51.40994147833534,Priority Based
34,13,138,140,187.21584613036924,22.119980947539077,Priority Based
35,11,43,44,75.95798449686376,8.996357544595856,Priority Based
35,5,17,19,187.59634538289063,27.733815249880273,Priority Based
35,4,301,304,107.78246444091873,36.49778958111243,Priority Based
36,4,131,133,98.38015004922546,22.342749951948374,Priority Based
37,3,138,145,105.91065884051041,46.50179482664588,Priority Based
37,3,61,64,91.82170501563874,50.71502363824863,Priority Based
37,8,252,256,151.3666398125937,55.42218368700613,Priority Based
38,2,137,139,72.3971924646908,22.03464621272082,Priority Based
38,1,32,36,100.24954695303855,29.61200105850387,Priority Based
38,1,177,179,131.32807143019255,19.226159801470335,Priority Based
39,3,128,133,68.7173114926947,72.10984436455907,Priority Based
39,14,251,253,140.06565507683996,26.596820624872166,Priority Based
39,0,209,211,83.81435382241962,25.152119467737485,Priority Based
40,6,164,165,67.12545039124659,16.90244940196684,Priority Based
40,11,303,308,66.21172775468423,31.52835131702839,Priority Based
41,6,305,307,65.08019350829905,24.19149210878065,Priority Based
41,4,200,204,64.66749746961914,30.353423995759595,Priority Based
41,10,61,66,77.10675085619279,33.347461146886424,Priority Based
41,3,56,58,129.48870332231934,21.82260018453874,Priority Based
42,12,211,216,110.92512901049218,44.27290434321,Priority Based
42,2,22,26,113.34998631390555,49.73121888849011,Priority Based
43,3,140,146,45.393658405470845,45.02585065653364,Priority Based
43,2,304,312,96.75843630849643,67.10508968704748,Priority Based
44,9,307,309,62.215091125694144,26.814141115432154,Priority Based
44,4,157,160,108.72101977841606,37.55167301524889,Priority Based
45,4,45,48,118.46746945791187,47.73782177408201,Priority Based
45,8,118,124,101.09055324377073,58.90452783545902,Priority Based
45,12,95,97,79.09649347132816,24.52515402411131,Priority Based
46,2,90,94,185.32076236208903,42.04162189502854,Priority Based
46,12,223,226,152.58251420371036,29.55559304253179,Priority Based
46,12,104,110,185.95505411324112,51.376195395493156,Priority Based
47,8,252,254,125.80735014207993,24.97040854000472,Priority Based
48,8,307,309,103.71489056082949,26.577810982889574,Priority Based
48,10,273,275,76.00790822129873,15.415513461493692,Priority Based
48,14,139,141,81.91956586284165,26.130831477068593,Priority Based
48,9,159,161,101.21167056233917,16.642830702579765,Priority Based
49,6,79,82,136.11365903517822,38.56294629399278,Priority Based
49,6,18,22,128.49730487275502,40.40155015958711,Priority Based
49,6,160,163,169.5126590008868,45.27305601285489,Priority Based
50,7,9,17,70.295251539069,80.78734471798002,Priority Based
50,12,299,304,129.11400269860778,60.96930413034097,Priority Based
50,3,224,228,74.61196531194784,56.79904727911379,Priority Based
51,9,177,180,108.89530194412212,42.24539565447182,Priority Based
51,9,103,110,76.31436346190206,61.47751267890573,Priority Based
51,6,67,69,130.21187516000225,19.473424253938,Priority Based
51,11,158,164,106.71458187476365,67.01713504542532,Priority Based
51,2,114,122,106.38097601752096,63.867747546772144,Priority Based
52,1,301,305,168.86543732938694,28.89582031387327,Priority Based
52,0,137,140,136.7313068843404,50.2177949707318,Priority Based
52,4,81,83,183.39773565595917,20.201738110026483,Priority Based
52,8,257,262,171.74607139530417,60.233627965325226,Priority Based
52,11,248,251,74.61521434522427,42.46686385763833,Priority Based
53,12,31,32,180.93463519106328,12.635036133591079,Priority Based
53,0,331,335,95.2863875701451,77.22652932151945,Priority Based
53,9,42,46,180.30831903803158,36.0990281819228,Priority Based
54,7,79,82,102.136448550074,39.80127409702695,Priority Based
54,14,79,85,82.1508773479954,50.83053699499946,Priority Based
54,1,139,142,67.06614110820047,35.56737030751225,Priority Based
54,1,33,37,86.3587379138214,44.679177532725106,Priority Based
55,1,330,333,72.6095476217549,39.078744109166585,Priority Based
55,9,300,303,74.00999806204264,28.26078680000321,Priority Based
56,7,132,137,121.109430060345,71.46821112860371,Priority Based
56,9,132,135,61.2280627690509,40.498343498811494,Priority Based
56,3,105,107,86.3118841911096,35.26850596339858,Priority Based
57,13,83,85,136.98843546781197,34.69099606613346,Priority Based
57,10,11,17,94.86762138929463,61.77955725664553,Priority Based
57,2,329,332,63.62304184046263,44.140922643699476,Priority Based
58,7,166,169,47.393833352405615,32.217720341741085,Priority Based
58,13,262,264,114.87641229828829,30.325656661296332,Priority Based
59,9,163,165,77.13265563507743,34.79097699537975,Priority Based
59,14,185,190,105.85139766493565,55.38852277761383,Priority Based
59,7,307,310,66.92792111612202,38.493191563226546,Priority Based
59,1,298,301,146.85744474178537,38.98863888572431,Priority Based
59,13,65,68,80.56970114841505,51.128756756992715,Priority Based
60,2,85,90,106.03798601367683,41.56641057231167,Priority Based
61,3,189,191,119.18185861250508,35.218486579220446,Priority Based
62,6,227,230,72.7514963074645,38.706818378310146,Priority Based
62,14,330,333,74.46861881232726,45.80005318591314,Priority Based
62,3,300,305,95.04409954259332,49.36609836945403,Priority Based
63,5,177,181,119.0891306219264,67.51068127741254,Priority Based
63,0,305,309,70.91040153664036,69.82524556674757,Priority Based
63,6,257,261,98.50620797049743,63.23598545295961,Priority Based
63,6,8,16,83.43774772939774,81.6857072751358,Priority Based
64,14,180,182,51.90992798417149,25.33763530123898,Priority Based
64,0,259,264,143.85888581772966,56.196720067928425,Priority Based
64,11,130,138,62.734877637588525,61.26225869934529,Priority Based
65,12,67,69,76.42439368122123,25.667100373533778,Priority Based
66,10,326,330,90.91246877193618,51.106607871607174,Priority Based
66,11,331,333,93.91895231844978,30.36419601257257,Priority Based
67,10,328,333,62.89593344310643,43.23983420244724,Priority Based
67,10,251,253,121.18488675676834,29.536516270394074,Priority Based
67,9,11,15,82.75145882120313,30.869887673755354,Priority Based
68,4,273,276,122.39842652481514,39.22507560049833,Priority Based
68,8,183,184,71.10383302086154,15.459649444248054,Priority Based
68,11,306,310,124.05189396178675,60.90240833617986,Priority Based
69,0,213,218,42.3184472199981,80.52461058862272,Priority Based
69,5,45,47,97.82096262717575,30.170161395467105,Priority Based
70,7,139,144,67.91959482415288,43.13828746248878,Priority Based
70,3,331,333,65.42084054599634,30.331475926797374,Priority Based
71,12,248,251,141.35656680845636,44.99057971428658,Priority Based
71,11,223,225,185.02671404140884,24.29481949443042,Priority Based
71,7,137,141,140.88519252081625,38.2458825384352,Priority Based
72,0,61,63,72.52159359906727,23.729736704298997,Priority Based
72,1,329,330,157.15047249714632,18.592860987783986,Priority Based
72,9,109,113,112.05412826488472,51.41949176914407,Priority Based
73,6,130,134,79.39392728763569,29.669610847561362,Priority Based
73,14,226,230,167.27427126630565,34.745745200586576,Priority Based
73,14,13,15,118.93691629615945,20.294314323622167,Priority Based
73,3,13,16,115.99449016066161,21.1511446501608,Priority Based
74,1,327,330,53.29075229809717,34.84471481601442,Priority Based
75,0,130,132,149.57604826399606,26.86736102733431,Priority Based
75,3,114,117,192.6245382596157,41.90718336059296,Priority Based
75,11,235,239,86.79085619820218,29.753168920647408,Priority Based
75,11,91,96,149.03597513896042,52.8100496612894,Priority Based
76,6,91,98,180.60095787848735,74.99482279750006,Priority Based
76,2,176,182,141.6356999428053,75.05791210445724,Priority Based
76,11,259,262,110.65855198678405,60.6417183996755,Priority Based
76,0,105,107,191.01544987457729,24.305413671038927,Priority Based
76,2,177,181,173.00884265068987,68.90269956387206,Priority Based
77,6,153,156,136.47139628753024,23.660682810143857,Priority Based
77,8,17,20,98.32486940446245,47.50941211554992,Priority Based
78,1,330,333,170.50111082351526,22.907060431066128,Priority Based
78,11,177,179,133.54888730674324,16.285433015346584,Priority Based
78,8,155,157,123.67368425610753,20.321984499668403,Priority Based
78,7,175,177,65.48309303535792,38.083101446114426,Priority Based
79,5,298,302,81.18035466083104,51.8713893042727,Priority Based
79,1,58,60,104.00006134495597,20.159895033052265,Priority Based
79,4,302,308,123.29706424067399,51.923530137666035,Priority Based
79,5,329,334,96.46810523669619,47.25190178230741,Priority Based
80,0,81,84,155.34548494642308,36.04786224326741,Priority Based
80,1,42,45,191.10838981262134,39.8627216799038,Priority Based
80,8,249,252,124.01126169946303,30.133365749133798,Priority Based
80,5,299,302,171.57005363941602,31.745836891749736,Priority Based
81,2,81,88,108.66879986386964,96.4834579868915,Priority Based
81,4,157,162,186.8112609365787,89.02622982423435,Priority Based
81,4,247,255,132.12417644898247,63.44107675299246,Priority Based
81,0,328,333,117.52261337216576,64.84947789008498,Priority Based
82,6,303,310,73.17659664476474,46.53178506800573,Priority Based
82,1,324,329,100.50642725174126,75.10786979399519,Priority Based
83,13,117,122,59.896572477317434,67.70013737008846,Priority Based
83,13,69,72,92.76242552239846,26.991480543060128,Priority Based
84,1,306,308,163.3572114218369,22.272821535646543,Priority Based
84,14,65,67,148.03088233481245,27.57637487577657,Priority Based
84,8,234,238,121.24783048043511,47.684969412229925,Priority Based
84,0,18,20,149.4015552689362,9.445185440489446,Priority Based
84,7,91,94,127.27308510919262,43.96903686738014,Priority Based
85,6,132,136,86.43137632305152,48.59191139829593,Priority Based
85,0,199,201,76.08356920279188,31.26063007829609,Priority Based
85,14,176,182,130.68320073261836,57.94883024408365,Priority Based
86,12,57,62,74.334980907911,54.82790147873563,Priority Based
86,10,138,146,179.8115381368303,56.225164715946846,Priority Based
86,6,324,328,162.710131174016,31.325245455673596,Priority Based
86,11,282,285,83.16628574336606,58.28477212719455,Priority Based
87,3,69,71,43.998617206204145,23.137624599279285,Priority Based
87,2,140,144,96.95056681834313,52.100127768961485,Priority Based
87,2,215,218,57.44614256489224,58.50883906745974,Priority Based
88,7,155,157,185.01288369932288,28.58202852248663,Priority Based
88,8,186,187,67.52657017369926,13.10685785304977,Priority Based
88,9,209,211,178.6949419733661,23.623950902566047,Priority Based
88,9,185,186,111.69131202241391,14.165744579014753,Priority Based
88,2,257,261,91.82405421567155,38.907508021739886,Priority Based
89,6,106,110,129.1573908930028,53.00549799885971,Priority Based
89,4,19,21,93.07053316984052,24.34025170206658,Priority Based
90,7,160,164,98.32377641687326,65.42261179654525,Priority Based
90,11,133,135,91.14155581049485,36.880734157093656,Priority Based
91,9,8,15,75.14643869198596,49.43293661366141,Priority Based
91,7,283,286,180.94283788764056,31.506665380191244,Priority Based
91,3,55,58,133.57688758551083,40.068238502288224,Priority Based
91,10,136,138,191.4351942957319,24.55734837810273,Priority Based
91,13,247,252,189.58531587202248,58.6711262440073,Priority Based
92,2,83,86,118.62733927018098,39.30798283041943,Priority Based
92,9,225,230,177.41480066211406,39.68552305777215,Priority Based
92,5,35,38,163.28266206887872,34.569865816514636,Priority Based
93,7,301,303,132.85321478400047,29.52604189435646,Priority Based
94,1,235,240,92.74999709806595,62.54331278539591,Priority Based
94,6,43,46,167.84483536618714,42.50892197978423,Priority Based
94,9,248,251,168.61998485315834,19.624213840701366,Priority Based
94,10,273,275,105.5457194745752,29.72698934303495,Priority Based
95,8,224,226,65.9760339473252,25.927448884723315,Priority Based
95,9,85,87,171.14569264782824,26.836193827846834,Priority Based
95,2,276,277,95.19193028913963,16.115358461174033,Priority Based
96,3,85,88,104.32109871388043,62.09311032385082,Priority Based
96,14,321,324,86.64566463399797,46.120858725012624,Priority Based
96,11,152,159,68.1247806066155,60.439732922877965,Priority Based
97,11,332,335,67.18646919687436,61.06825346187371,Priority Based
98,8,224,227,61.25545073655157,34.098659273468726,Priority Based
98,3,103,106,103.73348248430777,36.201987191287266,Priority Based
98,6,10,13,133.44228458443445,53.60884211708677,Priority Based
99,2,285,288,58.64752566896451,39.07381819338086,Priority Based
99,11,141,146,54.48503192927715,61.198326043501,Priority Based
100,2,32,34,132.358982417063,36.357037358327005,Priority Based
101,2,303,306,70.99439487551334,38.21233350404826,Priority Based
101,11,177,180,160.27141963292766,28.25744069931474,Priority Based
101,0,60,62,147.44528221077343,11.065656906419765,Priority Based
101,0,325,328,62.68161461122288,47.76845711816409,Priority Based
102,6,190,198,61.057712229370786,71.50611116537905,Priority Based
102,4,95,99,48.98182066631277,42.0187879547597,Priority Based
102,11,235,241,40.14981951353349,64.45075770821265,Priority Based
103,1,128,136,104.34894577086338,91.88117152201241,Priority Based
103,1,115,116,103.21198602047065,14.617550038321745,Priority Based
104,5,305,308,71.18567110712381,35.54172457869264,Priority Based
104,12,9,12,174.5889490722004,60.15109085988579,Priority Based
104,1,250,253,78.37230057585599,36.29089487300093,Priority Based
105,12,154,159,146.65085195428662,39.426485465929964,Priority Based
105,1,157,160,151.46006719979565,28.80572041579117,Priority Based
105,6,18,21,79.22595262867732,49.38460173053632,Priority Based
106,4,114,116,186.92842394516467,21.131973968774606,Priority Based
106,10,322,325,140.49894195379292,36.39496645406524,Priority Based
106,11,81,84,67.78718266100473,28.896661567519594,Priority Based
106,2,282,285,186.1997387568344,25.1769648524772,Priority Based
107,11,327,328,162.174084264582,14.557499808640738,Priority Based
107,3,67,71,110.4549394600909,31.632900846952282,Priority Based
107,14,210,213,124.74631076432772,23.605973010412086,Priority Based
108,2,331,335,153.84052230864427,32.36561950799463,Priority Based
108,4,247,249,105.4618828352176,15.824585944172217,Priority Based
108,13,7,8,114.9590243828676,17.161326078860164,Priority Based
109,9,176,178,176.04864458554525,17.23158621350222,Priority Based
109,4,200,202,113.40391639009954,34.160148661675436,Priority Based
109,8,305,307,175.49421844473483,35.124830299831864,Priority Based
110,11,298,300,110.9884324457679,33.08257431708522,Priority Based
111,4,247,252,87.95978003463598,53.603750195735465,Priority Based
111,10,41,45,99.6515156590573,48.30213516599545,Priority Based
111,10,18,21,159.41724032235564,43.20658014273842,Priority Based
112,6,235,237,69.98666545369728,34.756032821657705,Priority Based
112,14,284,287,71.30662691729542,44.24839879903011,Priority Based
113,5,186,188,163.14112529939098,21.56620821527504,Priority Based
113,8,185,190,119.6886908153207,45.75730700954871,Priority Based
113,0,161,163,110.1057198311829,35.63076344425837,Priority Based
113,4,282,283,76.9519316697089,5.977381510079262,Priority Based
113,0,131,134,166.52131337276427,53.62178276366663,Priority Based
114,10,324,326,108.51960712170506,37.227752127960756,Priority Based
114,4,180,181,66.71763418340237,20.787372963832297,Priority Based
114,3,299,305,84.79344968171709,62.17437184751303,Priority Based
115,2,323,326,122.16733619857206,58.100863541632116,Priority Based
116,7,226,231,148.41396470417362,38.43437724171513,Priority Based
116,13,8,10,137.38197762800525,14.13956362262265,Priority Based
116,14,15,18,61.153334035167646,41.84525222763323,Priority Based
117,2,138,143,121.77208488905315,37.13140060681783,Priority Based
117,14,109,116,107.50933809152203,80.60899034246613,Priority Based
117,9,156,163,108.04997534049927,96.54322114613399,Priority Based
118,0,323,325,191.43579423167316,34.033894296814786,Priority Based
118,0,18,20,90.79209480194314,23.563622024944586,Priority Based
118,4,9,12,193.7214775932027,48.88239313851187,Priority Based
119,4,272,275,76.90795656877513,19.63107370578659,Priority Based
119,0,85,87,81.77845498304383,32.70854609723234,Priority Based
119,9,107,109,140.88275359219594,33.548316943079556,Priority Based
120,0,258,262,191.36636542084287,52.13879489788143,Priority Based
120,12,307,309,67.02896676518392,15.332395748176026,Priority Based
120,14,234,238,145.01537093972487,62.18308120194257,Priority Based
120,13,271,274,167.62699184600916,46.94127327831801,Priority Based
121,14,136,142,89.63422510935415,43.98443131529544,Priority Based
121,1,301,309,97.31636779550836,66.34716539144588,Priority Based
122,6,159,161,182.76298382029634,27.892286224059188,Priority Based
122,14,233,237,92.55759770390398,40.27802618292696,Priority Based
122,13,300,304,175.37735821005936,32.90270489337241,Priority Based
122,2,302,305,151.28630438892492,34.6211881887931,Priority Based
123,1,32,35,99.49425419019688,26.1083802031893,Priority Based
123,14,13,15,58.658735817935025,27.443202412076683,Priority Based
123,3,114,117,60.73539746460996,41.77171955315338,Priority Based
124,3,34,36,111.31277849304358,23.546876597072536,Priority Based
124,8,204,209,167.36011491768164,46.05298633854313,Priority Based
124,4,138,142,92.7646599463497,28.770672328037538,Priority Based
125,10,65,71,97.1327167972873,50.40903843150657,Priority Based
125,1,283,286,116.82570737739357,31.125826857325062,Priority Based
125,11,281,284,192.34980558286236,59.047638920978684,Priority Based
125,2,33,36,167.79812876763947,20.915094657477407,Priority Based
126,11,105,109,96.17885987701789,44.42389041166583,Priority Based
126,9,302,310,101.6021072127384,58.807496289451535,Priority Based
126,8,134,137,97.95580456025192,30.365781358931173,Priority Based
127,8,138,142,159.15130228574364,31.49740186498769,Priority Based
127,8,9,12,129.52273392612338,41.09749436307588,Priority Based
127,9,41,44,162.05366759444107,38.13082364977326,Priority Based
128,3,113,117,69.67867775292683,44.434181244952555,Priority Based
128,1,139,142,88.85035301595032,45.493246034411484,Priority Based
128,10,199,204,189.66575500044203,40.76626992871858,Priority Based
128,12,79,81,75.36924530863925,36.41698157177683,Priority Based
129,0,208,209,146.39534253882871,10.659412192581307,Priority Based
130,11,114,117,142.95922084964772,51.72953243094172,Priority Based
130,9,248,250,150.76465825263494,35.34426429761544,Priority Based
130,4,104,107,92.49512487537235,33.56488298542584,Priority Based
130,0,139,143,168.9932592780097,54.18852062539888,Priority Based
130,4,307,311,138.702359800201,38.57906925253969,Priority Based
131,9,323,325,125.25210505998683,23.540970012348055,Priority Based
131,6,225,230,102.54782588954915,36.99085200215778,Priority Based
131,14,224,227,152.41281816742486,22.73238885893957,Priority Based
131,1,199,201,150.37505680905008,30.97628730793341,Priority Based
132,12,139,142,168.83159459954305,31.802902348640497,Priority Based
132,11,187,190,146.9341286509305,37.2102482052385,Priority Based
132,2,19,21,189.35807380974998,21.963681249454456,Priority Based
132,14,33,36,155.91925254531876,40.517779603606485,Priority Based
132,2,91,95,78.78353469419925,37.38204518839059,Priority Based
133,7,60,62,114.33439640344109,21.98837982727884,Priority Based
133,7,83,91,94.27786448616662,69.86335576476779,Priority Based
133,4,33,41,128.13913096795008,73.19036032395923,Priority Based
133,9,37,39,115.85267647203878,18.848489278530124,Priority Based
134,11,201,205,176.894712720451,59.351678670784906,Priority Based
134,0,79,82,81.46057777585308,35.533392493909105,Priority Based
134,12,159,161,75.04815410956056,26.42228142669323,Priority Based
134,2,81,85,67.3666894034158,44.99740404818044,Priority Based
134,8,235,237,133.10772535593955,12.434970709592072,Priority Based
135,12,8,10,71.70213352461266,19.128699354008788,Priority Based
135,8,138,139,176.50866451492448,14.46712991947814,Priority Based
135,0,298,300,91.63908422707996,26.958195076943845,Priority Based
135,7,210,214,180.4961216687325,32.916014744100764,Priority Based
135,13,283,284,189.1872054802369,21.084895517539557,Priority Based
136,2,282,288,158.44585467025104,44.63030100183424,Priority Based
136,11,249,253,154.9833653606865,22.957657498883343,Priority Based
136,0,248,249,160.91852903078532,8.852783803624234,Priority Based
136,6,7,13,94.26191639730843,37.375265604550606,Priority Based
137,8,8,10,99.82116867122437,23.965109253879064,Priority Based
137,7,254,257,127.59739087498882,41.07916896773141,Priority Based
137,2,81,86,145.860855004442,35.25311860206917,Priority Based
138,8,61,66,148.8557581133676,54.26208201025159,Priority Based
138,6,10,14,167.81346409730196,76.69792898469058,Priority Based
138,6,156,161,75.491561983156,77.9275863898835,Priority Based
139,0,249,252,133.09960023578984,62.22772371416491,Priority Based
139,11,201,203,185.15090110583728,37.48515008852821,Priority Based
139,3,33,39,91.86748191257985,65.30579484448553,Priority Based
139,12,201,204,164.0179171080123,25.17400985962899,Priority Based
140,0,89,97,68.77504174577068,84.75769110212244,Priority Based
140,2,210,218,160.43390751454646,87.61162321252378,Priority Based
140,1,132,137,147.32685677315945,45.25371247791404,Priority Based
141,6,276,282,65.1476413192286,45.54807316181218,Priority Based
141,11,58,61,160.36692723435667,36.39388790747168,Priority Based
141,14,134,137,73.71877369429502,44.87050245959838,Priority Based
141,4,303,306,98.49829987520195,27.34883748418997,Priority Based
142,7,106,109,176.80550349301407,36.28768768778777,Priority Based
142,1,104,107,169.41556785100593,43.14007054075956,Priority Based
142,4,205,208,106.8843060825731,31.68693712642686,Priority Based
143,8,90,94,180.08676778259706,28.482334062479982,Priority Based
143,4,55,58,186.98383634078968,32.56632597504915,Priority Based
143,7,134,137,125.52741562893016,31.27045436957728,Priority Based
143,9,103,105,108.53130789490756,35.064427079303016,Priority Based
144,12,328,332,141.5603967901827,34.92763694259773,Priority Based
144,14,178,180,126.1904950737895,34.49662305358791,Priority Based
144,1,176,179,114.14583759340753,39.99724489319278,Priority Based
145,13,305,308,83.98593440782986,24.52018890773833,Priority Based
145,3,139,144,134.13613811239796,42.78076741604303,Priority Based
146,9,331,334,186.67663101239415,61.888630697978286,Priority Based
146,13,305,309,100.44289862388284,77.15552722752501,Priority Based
146,12,159,163,180.07976794745244,57.87868465264873,Priority Based
146,6,271,275,132.0961959463233,65.40879215538291,Priority Based
146,5,201,204,174.86126414049772,37.88336610034297,Priority Based
147,2,322,325,174.05301630580132,43.20246067479373,Priority Based
147,5,163,166,117.09525500816828,34.12330036252843,Priority Based
147,14,251,257,124.27579834166784,86.1219203613151,Priority Based
147,0,226,229,64.4049579365554,47.90820018861113,Priority Based
148,8,94,99,48.81863269769862,40.089403358669315,Priority Based
148,12,165,167,55.41948057698948,36.95918748302174,Priority Based
148,14,310,313,86.74811335856903,31.50395010606046,Priority Based
149,11,103,110,126.80610608478202,97.16785165607766,Priority Based
149,13,224,228,111.34927718519796,66.54541462716877,Priority Based
150,8,41,45,139.5272654889209,58.212380821671296,Priority Based
150,3,158,166,108.86391212923645,73.60024888673578,Priority Based
150,6,235,237,143.0739241098468,24.85004747457982,Priority Based
150,8,154,159,130.98283238436838,83.63097425205095,Priority Based
151,14,299,303,160.67954348296686,46.65772175175944,Priority Based
151,10,299,303,163.1304800494329,65.52904735603241,Priority Based
151,8,223,227,94.29379848906264,46.68349787387996,Priority Based
151,5,163,167,138.67939330080884,60.49718507457965,Priority Based
151,9,8,11,122.62717819030114,42.10573733015741,Priority Based
152,3,34,36,107.2137783868363,20.19904411450998,Priority Based
152,6,177,179,144.19192198795162,25.266187851440524,Priority Based
152,3,249,251,87.64497868392287,34.37673936342298,Priority Based
152,7,32,34,144.37662519449768,22.924450878184167,Priority Based
153,6,131,134,64.16455928691086,57.984243598291414,Priority Based
153,11,301,309,45.693270176967474,56.40347393152894,Priority Based
154,3,214,218,41.14326160325603,54.976248652681576,Priority Based
154,8,19,23,62.30665382542534,47.1922006900205,Priority Based
154,12,215,218,52.810259214771214,23.40703649469701,Priority Based
155,10,282,286,100.65538158814176,30.21524517603703,Priority Based
155,5,92,95,74.6187357461253,26.26088636959971,Priority Based
156,1,307,310,41.465376577258006,42.25071455433356,Priority Based
156,3,46,48,110.7036787261182,23.188557496600254,Priority Based
157,5,323,329,117.34898115131833,70.12108779131259,Priority Based
158,14,177,180,130.2792988428081,31.824267916110752,Priority Based
158,7,9,13,69.27583720169633,39.030313493252535,Priority Based
158,5,302,304,121.303943486889,19.190764724656173,Priority Based
158,2,105,107,138.58618448014397,24.782658432672758,Priority Based
159,13,131,134,136.10946054400767,45.360985423792734,Priority Based
159,0,138,139,125.9111034728914,20.120431634103344,Priority Based
159,2,9,13,135.5884924870327,56.80233179697572,Priority Based
159,14,224,227,144.18061515273178,49.19967061085009,Priority Based
160,8,8,16,111.04865142934018,78.43963009596659,Priority Based
160,8,159,161,80.683429906245,36.560600851938275,Priority Based
160,8,57,63,150.39565446588983,51.52982901091944,Priority Based
160,14,200,205,63.36063833669501,56.92367710179244,Priority Based
161,4,157,163,82.58117763801393,75.07273985455397,Priority Based
161,7,176,184,104.45294711170291,59.38010040016167,Priority Based
161,13,159,164,81.64208847644673,42.77201366695147,Priority Based
161,14,19,26,172.53427285189184,54.55465114259103,Priority Based
162,6,228,230,92.79954997495955,23.189261353192542,Priority Based
162,6,56,59,103.46957424646193,27.949996629413842,Priority Based
162,10,134,135,143.87131931342603,15.16092978214887,Priority Based
162,4,107,109,137.67054136488906,24.090571602946568,Priority Based
163,10,283,289,107.93476048197908,65.168360962207,Priority Based
163,8,55,58,79.1121965104443,28.220313488010785,Priority Based
163,8,163,167,132.7734311431755,36.97369982103724,Priority Based
163,0,8,14,135.2591950752531,76.52194617179488,Priority Based
163,7,306,310,89.95681576170091,75.7577814794985,Priority Based
164,1,199,202,176.5141218467368,20.476233830490994,Priority Based
164,5,104,105,90.55629997841184,19.0946820260407,Priority Based
164,8,300,302,78.46066435386192,17.59733345268642,Priority Based
165,14,306,308,98.90804040325115,23.022830459267645,Priority Based
165,9,81,85,186.64788629129956,32.16931819915503,Priority Based
165,3,89,91,95.4002879811121,32.786900340477246,Priority Based
165,4,225,227,149.574722844215,28.338585979368766,Priority Based
166,8,112,114,139.06785956054708,22.449846830594513,Priority Based
166,5,206,212,74.16242717623842,67.17624291880053,Priority Based
167,9,325,326,59.43293189144166,20.16503069038621,Priority Based
167,8,154,162,71.00846138176196,56.87398617293998,Priority Based
168,13,8,14,136.04069063009072,63.18765046954883,Priority Based
168,8,43,46,69.30735008511742,35.606601455585974,Priority Based
168,2,304,307,84.81041300354887,27.742515017725225,Priority Based
169,9,32,40,151.8228243577236,67.34102737861987,Priority Based
169,9,160,161,159.10361052507824,20.16125682047833,Priority Based
169,2,134,139,93.61352427678784,30.748889087083754,Priority Based
170,12,16,20,134.33916463290706,38.606611574359384,Priority Based
171,7,10,12,157.9817973005684,30.20625670373419,Priority Based
171,11,225,228,74.0283770736058,30.193811247479537,Priority Based
171,5,331,334,98.13424903042366,39.908393329676244,Priority Based
172,6,154,160,81.94745314299583,42.50847029479642,Priority Based
172,11,132,135,144.48645077613165,32.88370650077754,Priority Based
172,11,80,82,85.49268465828749,19.23946680306476,Priority Based
172,5,79,81,138.6066270559289,23.598836033333694,Priority Based
172,4,8,11,164.91753128373577,40.001256798226905,Priority Based
173,14,162,164,169.19156387726593,27.378897355195456,Priority Based
173,1,105,109,174.42882448947566,54.88753650026494,Priority Based
173,11,32,36,69.27260715206124,40.790661995118846,Priority Based
173,9,58,60,96.42490895967586,27.521633068512322,Priority Based
174,13,8,14,151.9022764844411,46.204158097647195,Priority Based
174,7,274,278,145.17924899038513,25.13556222315146,Priority Based
175,3,136,142,184.59564797227353,42.454854344065126,Priority Based
175,11,233,238,67.90484138961786,37.64181491577598,Priority Based
175,12,136,140,161.1044695943602,27.426539030679923,Priority Based
175,12,302,305,92.96296178461779,31.173026767442735,Priority Based
176,9,159,162,127.69593973325524,42.04331359830658,Priority Based
176,2,282,285,102.55064603311207,53.012539206863536,Priority Based
176,9,175,178,81.83845928704581,31.024410610568086,Priority Based
177,14,249,252,91.7509241722475,31.762264593167643,Priority Based
177,11,177,180,179.68394178596446,41.499775073537165,Priority Based
177,14,274,278,156.66037335118358,41.80689248298517,Priority Based
177,3,107,109,177.31384410285037,20.772250852572277,Priority Based
178,12,324,327,83.62897015875298,37.789777712691006,Priority Based
178,0,297,300,62.931308713699096,22.39774586557803,Priority Based
179,5,105,110,123.15790213894338,60.99786312138198,Priority Based
179,6,323,325,113.67848407999654,40.19484772743595,Priority Based
179,9,186,191,125.34543091481203,86.96176244464895,Priority Based
180,8,187,190,81.62977731527744,44.00891863051541,Priority Based
180,1,259,263,56.88447114134805,55.923244551291674,Priority Based
181,13,131,133,45.027875872350535,29.422904810988598,Priority Based
182,11,9,13,149.37733042258017,32.953055080877895,Priority Based
182,6,248,253,105.13981325172934,63.792011528918835,Priority Based
182,7,109,114,170.13547513328157,35.54417965485712,Priority Based
183,0,307,312,104.88399382363569,37.93367607764963,Priority Based
183,5,300,303,74.78808273575595,48.91797846247084,Priority Based
184,8,85,88,71.60276596052917,44.8902710110922,Priority Based
184,14,329,335,179.61151019836907,61.430170737451334,Priority Based
184,3,33,36,155.83356191081413,36.16441088385211,Priority Based
185,9,255,261,114.88483286945149,48.22054987008589,Priority Based
185,2,204,210,73.46835328852502,38.2105327608754,Priority Based
186,11,301,303,89.37232280711251,22.709071432822995,Priority Based
186,4,32,35,103.88042751520346,29.992538861974058,Priority Based
186,5,177,179,73.77515975341038,27.999149866612342,Priority Based
186,12,305,308,87.99221757220904,18.64706969068019,Priority Based
187,6,201,204,75.990633599416,21.141416381270012,Priority Based
187,13,329,334,69.56138945811901,36.41695229842213,Priority Based
187,5,258,259,168.65852494068207,14.876297202903416,Priority Based
187,2,17,21,142.04631351735432,38.76422958943372,Priority Based
187,13,113,115,107.2566980692464,21.212175972338578,Priority Based
188,3,188,191,114.64118985043365,18.56770895684555,Priority Based
188,6,94,98,48.47250689398223,29.932089728344994,Priority Based
188,14,143,145,63.06731422357487,27.61623324089863,Priority Based
189,14,67,71,96.34331219053172,46.95467779075529,Priority Based
189,1,71,74,113.68275092362705,30.62404564920085,Priority Based
189,2,310,315,56.93366616036026,51.84515370459833,Priority Based
190,11,235,237,142.9927578825812,25.326654295689657,Priority Based
190,13,80,85,85.69177948237589,63.71461888498772,Priority Based
190,2,105,111,132.67797618438755,61.57124215432605,Priority Based
191,0,37,43,166.83749891377704,83.45904818059967,Priority Based
191,5,80,86,65.35920346526684,54.052647599002164,Priority Based
191,6,228,234,179.20410010585064,79.43908965164027,Priority Based
192,10,44,47,110.05594983540523,50.05166819818568,Priority Based
192,12,166,169,64.7724219504369,52.87193882432202,Priority Based
193,4,211,214,129.70839554491036,56.051149267538406,Priority Based
193,11,31,34,93.45026937193043,21.006567050306828,Priority Based
193,3,7,11,107.189896766037,61.558122091001735,Priority Based
194,4,258,260,56.98163014855619,16.77211737601203,Priority Based
194,10,233,237,131.7777883971628,57.810577271551146,Priority Based
195,7,256,259,102.78742078895624,42.79874855705837,Priority Based
195,6,309,314,54.64488172857615,38.94781688070138,Priority Based
196,6,156,159,97.42866470381621,28.872519413881257,Priority Based
196,5,271,274,185.9330615980573,34.02560750480103,Priority Based
196,9,307,310,116.36585002690101,23.84508927199913,Priority Based
196,11,41,46,180.36297161596528,39.093129959313934,Priority Based
197,7,131,133,97.85202176218625,40.91981121022214,Priority Based
197,12,325,330,119.39641481004833,63.48847929849018,Priority Based
197,4,302,306,154.63833265199042,62.080468852553494,Priority Based
197,6,272,278,105.59013915069558,39.17198054700403,Priority Based
197,14,200,204,165.73248477514397,23.14375112099687,Priority Based
198,9,8,12,95.02519055908121,37.466499637651694,Priority Based
198,10,209,212,192.47697609462236,37.68732196275839,Priority Based
198,3,104,107,171.94124059821286,27.658956626821716,Priority Based
198,12,157,158,156.81754582507097,17.47864384255496,Priority Based
198,6,283,285,70.9696072918642,41.715325111809236,Priority Based
199,0,104,108,105.89242508333163,46.124823419030726,Priority Based
199,1,89,92,138.68648604013205,44.94194226870446,Priority Based
199,9,135,139,102.91491410131087,30.165483622528136,Priority Based
199,12,113,116,171.22045036742009,44.21155405301441,Priority Based
200,10,10,14,88.7930537654872,37.57675844690998,Priority Based
201,7,283,285,134.59888773872314,15.022460268200525,Priority Based
202,11,326,330,179.90144426799472,35.731694041705225,Priority Based
202,11,79,83,137.53900093614882,22.089100666943636,Priority Based
202,5,115,117,160.13036326130836,22.911115579199844,Priority Based
202,0,90,92,130.85783050384973,7.51819619643188,Priority Based
203,6,181,184,155.1971727858985,43.665398916716796,Priority Based
203,12,322,325,60.413537253224355,38.03583990436935,Priority Based
203,1,57,59,123.51066491409001,38.80089716912245,Priority Based
203,10,33,37,102.45551825626862,47.45658605556434,Priority Based
204,7,225,232,70.9155509127385,87.42026415160888,Priority Based
204,4,133,138,106.90616214280291,65.52450005169017,Priority Based
204,10,224,227,117.683381474374,45.443476026253954,Priority Based
204,5,138,143,174.9669539749983,66.79970295270954,Priority Based
205,10,140,142,80.35269452572851,30.35867872086402,Priority Based
206,6,162,164,118.79818272741932,39.03520857720529,Priority Based
206,14,156,159,67.12234706500794,53.0027071660931,Priority Based
207,11,66,67,164.90501395716112,17.66076085561117,Priority Based
207,7,57,60,159.18786030345808,30.092135870348375,Priority Based
207,1,90,92,105.39154843332922,23.881782388062472,Priority Based
208,2,306,311,97.095685239103,53.36773076000111,Priority Based
208,1,116,120,112.520832174293,58.48532556527376,Priority Based
209,14,159,163,88.10157995558583,36.6382869664877,Priority Based
209,13,249,252,170.05286746415655,59.41002369468843,Priority Based
209,9,66,69,123.58073623093584,49.11779940857192,Priority Based
209,5,133,138,81.90090418026008,38.63233344462405,Priority Based
209,9,158,160,146.5679292762025,35.74726164347146,Priority Based
210,13,280,284,149.68149760709497,70.75593701532938,Priority Based
210,1,20,26,135.05221096049746,54.43841052234052,Priority Based
210,2,252,260,86.44268113352511,63.29552725712654,Priority Based
211,10,95,97,90.15582841934041,25.618118275714632,Priority Based
211,6,235,240,56.170233813153544,70.89009948722632,Priority Based
212,6,161,163,110.94675208375648,24.104239947543647,Priority Based
212,3,271,273,83.46023644457175,32.25389157851379,Priority Based
212,3,133,137,188.9900215076675,37.23740221303584,Priority Based
212,10,130,132,129.12816547315,34.27865652555781,Priority Based
213,3,138,141,52.07678867103912,23.31047822817569,Priority Based
214,0,104,107,145.52480201149106,24.565523569441307,Priority Based
214,6,187,189,167.07806376627903,25.66275827259585,Priority Based
214,13,159,161,140.03629069637446,28.752599896712162,Priority Based
214,11,18,21,151.71019924851242,22.324080449140354,Priority Based
214,5,330,335,90.42129178629328,38.974896434068384,Priority Based
215,4,272,275,105.84176366295527,43.67969448941638,Priority Based
215,4,223,231,88.8432302702556,62.284514059008444,Priority Based
215,13,235,239,133.16881326519638,50.30539805786678,Priority Based
215,11,271,274,94.03979708126775,43.46285018903387,Priority Based
215,2,300,303,166.86378818204034,31.102439929640276,Priority Based
216,14,308,312,83.9376079909491,42.15998607033141,Priority Based
216,14,333,336,96.2868047199017,53.45928096895898,Priority Based
216,14,46,51,117.53887978136873,42.148649148744326,Priority Based
217,2,305,308,139.3591525456947,22.43898057232921,Priority Based
217,14,80,85,163.41416707993432,39.7968563368148,Priority Based
217,13,199,204,91.52112274639973,62.99989214350448,Priority Based
217,11,186,189,152.39282500964777,55.77286323013713,Priority Based
218,12,64,70,117.86270049882519,37.83658920954551,Priority Based
218,7,182,184,92.13570877456067,26.84154940904145,Priority Based
219,2,7,8,148.05338712886402,16.762993775869862,Priority Based
219,1,14,17,130.71637664216806,26.9918559825326,Priority Based
219,7,58,61,131.24559504031123,43.73901350601264,Priority Based
220,2,301,303,119.70588349762014,38.41119025107229,Priority Based
221,13,177,178,123.38143443191503,16.249359844401745,Priority Based
221,8,199,201,70.09558860924659,23.241044746605734,Priority Based
221,14,234,236,86.17157791291761,26.908659843569517,Priority Based
221,6,18,20,86.67692392137177,22.519031440646977,Priority Based
221,9,331,334,122.62655293547537,23.75180950434105,Priority Based
222,10,199,207,135.44926133956693,61.71345953542384,Priority Based
222,9,140,147,132.7276954871939,52.95813317221108,Priority Based
223,2,286,289,43.1942127044137,30.769604129589222,Priority Based
223,12,165,170,108.05845476688299,51.08842895870312,Priority Based
223,4,284,286,42.58948272044162,21.280482437624798,Priority Based
224,8,157,161,65.76660220478227,31.9929926660475,Priority Based
224,12,81,84,102.8924874352828,38.6256311827459,Priority Based
224,11,133,137,67.83256346909323,61.67290714117318,Priority Based
224,12,176,181,67.82630501876773,56.60319509647509,Priority Based
225,8,163,167,52.6302561356779,72.39219125536741,Priority Based
226,3,19,26,46.76260922348579,60.12077737055286,Priority Based
226,0,212,214,41.92301573331271,25.63291591731899,Priority Based
227,2,285,289,113.29497184591101,61.923475429357076,Priority Based
227,10,212,220,82.02970238278773,61.63163069581054,Priority Based
228,12,60,64,119.98972654402318,39.90110150099091,Priority Based
228,10,272,278,150.36691318978913,38.82901963852306,Priority Based
228,8,59,62,146.49902736993607,47.87456249143676,Priority Based
229,3,299,307,86.79313362083923,68.90105134678012,Priority Based
229,4,307,311,129.85306310471344,72.23231172414994,Priority Based
230,13,133,134,128.8694953652783,10.668564999793972,Priority Based
231,8,117,120,97.18743430760195,21.842516566984422,Priority Based
231,3,309,310,43.165676944908306,15.62849650854582,Priority Based
232,6,212,217,55.04390025175269,51.91141787686372,Priority Based
232,10,308,311,55.762806917437075,28.01892258410512,Priority Based
232,7,166,168,44.213852496436076,40.88071942546063,Priority Based
233,0,233,237,86.17338966136523,31.713350530343853,Priority Based
233,2,273,278,162.7018973253734,85.75726836187454,Priority Based
233,6,43,46,185.01936420321022,29.079100652220973,Priority Based
234,7,105,108,163.9574969715116,55.37300179998759,Priority Based
234,6,67,72,85.09897977581541,62.92352177656194,Priority Based
234,12,163,166,77.56641973153724,37.60367691558926,Priority Based
234,0,131,135,162.6499814739252,68.29839883011616,Priority Based
235,1,248,251,108.6558560747354,30.695016289187073,Priority Based
235,1,329,331,86.03984051195147,10.798087160834855,Priority Based
236,5,90,92,125.65881457040366,19.093713109736782,Priority Based
236,10,89,95,136.15910795496703,40.980081015921954,Priority Based
236,10,281,285,131.22224303902613,43.12293078879271,Priority Based
236,6,200,202,68.87034796292716,30.626755446963678,Priority Based
236,3,177,181,93.26498624744771,43.876600107718545,Priority Based
237,0,103,108,129.23509643549306,44.14797408467368,Priority Based
237,7,275,278,104.0709954916197,43.40295680791032,Priority Based
238,9,18,21,184.3499530949234,54.54423827370111,Priority Based
238,0,257,259,170.97382019805787,23.145929696359243,Priority Based
238,11,303,307,109.27504786483016,42.3313364820131,Priority Based
238,13,91,93,192.63504295331748,22.9046323989717,Priority Based
238,10,65,68,83.75866229578634,46.64400054389935,Priority Based
239,8,283,291,184.8442431380154,70.24714844983932,Priority Based
239,1,41,44,136.08874633509825,15.46250434204618,Priority Based
239,14,224,228,172.10405727135455,65.45153174511543,Priority Based
239,4,161,165,85.37156521347326,41.4301535534061,Priority Based
240,0,225,230,110.62300708409963,54.22690249286558,Priority Based
240,1,61,69,122.62223333943416,89.50793175572223,Priority Based
240,9,274,280,77.8421270828036,68.11225730032834,Priority Based
240,12,57,59,70.28521121259406,23.546612655271787,Priority Based
241,9,324,328,124.23408526675567,43.38515886881087,Priority Based
241,8,329,331,53.025342946774515,17.630727867702568,Priority Based
242,8,103,107,89.0728720498577,47.331030777089296,Priority Based
242,10,9,11,144.8074195162546,38.80378905753541,Priority Based
242,14,79,82,168.03684822555076,41.70633449031636,Priority Based
243,3,251,252,142.12864116801074,10.233029033052759,Priority Based
244,9,105,108,147.54045917152604,33.86701650213175,Priority Based
244,11,272,275,70.73596871697403,45.79669357020414,Priority Based
244,13,273,276,164.13509457020686,33.5588599494815,Priority Based
244,4,162,164,131.39162848809903,29.570085338801967,Priority Based
245,1,90,93,160.916304586303,43.08563384620696,Priority Based
245,11,273,281,110.50825676505565,76.72571829260406,Priority Based
245,9,89,93,81.92783668273178,63.64288062365362,Priority Based
246,2,225,231,77.24117236257243,57.9453422866454,Priority Based
246,14,275,281,128.14686579664863,39.5913732741967,Priority Based
246,7,9,13,74.11927197339578,33.442173813960956,Priority Based
246,10,202,205,137.79312293124474,38.74665639985741,Priority Based
247,11,324,327,190.98514902229604,54.37895631832392,Priority Based
247,4,154,156,73.19200079006536,27.975595523038653,Priority Based
247,2,159,163,119.25439152462236,66.15049527517627,Priority Based
248,3,326,328,173.96496452186594,38.63589450497983,Priority Based
248,12,81,84,109.2374668345512,24.586707144845917,Priority Based
248,9,137,139,127.34978804133085,32.93349522607432,Priority Based
248,12,159,161,71.80607852415383,33.09286385271484,Priority Based
248,2,136,139,103.20915759577355,43.73850630224914,Priority Based
249,2,159,160,76.45270463623523,9.421328442579956,Priority Based
249,12,323,327,119.58698391556294,50.943785904363985,Priority Based
250,10,79,82,120.77945976915042,31.826192071394935,Priority Based
250,6,104,109,191.2385581739488,50.26463517494366,Priority Based
250,14,67,72,189.47376903275875,50.37615395568389,Priority Based
250,3,331,336,73.37108304061073,42.10381826538961,Priority Based
250,11,105,109,119.16234289000195,66.5963852466171,Priority Based
251,5,70,73,42.288811487938816,19.96131294622353,Priority Based
251,5,259,262,108.72145234966148,37.75037284690604,Priority Based
252,12,275,277,133.6217619261015,22.456759927563013,Priority Based
252,13,85,89,78.24716733336389,25.27678161332855,Priority Based
252,9,81,83,107.46934976353485,14.90972132895321,Priority Based
253,11,135,140,89.6055550218238,44.210723285976826,Priority Based
253,6,139,144,146.33701289023784,50.26074760727056,Priority Based
253,9,33,38,76.46340796131089,51.686417488818186,Priority Based
253,7,303,307,64.81222007908185,69.24410125071006,Priority Based
254,14,118,121,108.15445992991154,38.92348777038523,Priority Based
254,3,69,72,108.29565711848316,28.12041056247778,Priority Based
255,8,306,312,123.47012779331163,44.34979009011912,Priority Based
255,12,306,310,132.39793396094544,53.37619957364056,Priority Based
256,4,89,91,106.34405393124008,26.076851751877484,Priority Based
256,7,157,159,188.9318808606263,22.158254128763307,Priority Based
256,1,225,228,88.54456643717619,32.02339972616359,Priority Based
256,1,33,36,106.70715326159043,20.344445652435866,Priority Based
257,13,202,204,133.16537870902405,25.566700804766906,Priority Based
257,10,180,184,101.04921551652849,22.234799309591516,Priority Based
257,11,229,232,123.09466122426556,42.1342520221329,Priority Based
258,4,258,262,119.0974151151564,40.945785803913246,Priority Based
258,9,155,158,109.26158115981464,50.38442150719553,Priority Based
259,3,190,193,51.013621140880524,43.57137042284851,Priority Based
260,12,68,70,73.34024898340313,30.27555327022621,Priority Based
260,9,213,219,94.21390198144374,49.37791076609038,Priority Based
260,7,283,285,71.02576084602227,11.238811839863203,Priority Based
261,5,199,201,157.44602850014059,40.68558281544505,Priority Based
261,3,299,303,82.88153347408327,42.494611483875204,Priority Based
261,6,323,328,171.0300689951136,65.13774097986898,Priority Based
261,3,134,140,141.16600494356464,71.0701068668597,Priority Based
261,1,57,64,77.34707604647919,87.31401421200627,Priority Based
262,4,133,140,111.03624105537206,98.24499746024021,Priority Based
262,5,160,166,73.42068450958911,57.51959085526642,Priority Based
263,14,135,141,57.72216373995409,71.05604732391568,Priority Based
263,14,160,166,104.41691977480725,78.34043154947337,Priority Based
264,9,285,291,77.14661220944275,41.5439717070761,Priority Based
264,7,21,25,50.366293126726376,46.31925621876577,Priority Based
264,9,68,72,62.61245222058757,30.66321230362688,Priority Based
265,5,37,43,71.91520155561643,53.39934493796101,Priority Based
265,3,10,13,77.64360110581754,48.546353640726906,Priority Based
265,5,303,305,94.49387054856581,42.85456294416943,Priority Based
265,11,299,303,148.8464300406007,47.082350615713494,Priority Based
266,14,261,263,62.18351175251808,17.095576674921077,Priority Based
266,7,143,144,115.154689831695,5.0,Priority Based
266,9,262,264,90.32905147843444,28.719585430774888,Priority Based
267,14,249,254,55.68419506815826,37.74060863831162,Priority Based
267,14,9,12,142.1797756503509,29.997138860050605,Priority Based
267,14,189,196,113.6136530428131,57.270959264714456,Priority Based
268,6,260,265,63.874795057406054,54.31829080109474,Priority Based
268,0,263,266,52.821327923246955,50.361075506711366,Priority Based
269,4,330,332,67.18161783012769,18.293671356026124,Priority Based
270,5,203,206,68.94774030820159,49.61274230640481,Priority Based
271,4,305,306,61.2774685697044,7.990719958540044,Priority Based
271,11,251,253,135.33084927139157,20.759515163765638,Priority Based
271,7,306,311,130.64068147197762,43.82665638147377,Priority Based
271,9,109,113,84.84009978696542,34.408443553670764,Priority Based
272,0,223,227,115.90621958253116,56.29662364743595,Priority Based
272,11,228,233,72.39081315411144,51.4515717093977,Priority Based
273,0,67,70,193.19280675242587,43.71690303471076,Priority Based
273,14,65,68,93.24624123972775,43.15728613329139,Priority Based
273,1,135,138,93.64173373261568,52.31238058402551,Priority Based
273,11,302,306,129.17278130258381,29.409578987363645,Priority Based
274,11,209,211,184.01986199095845,27.05470979223111,Priority Based
274,11,57,63,156.39825989287704,48.333914711846056,Priority Based
274,1,42,44,138.8861559782607,28.579384231137258,Priority Based
274,2,200,206,146.67125537249413,73.42680973645645,Priority Based
274,11,81,84,89.03666137901592,53.2507428421894,Priority Based
275,14,275,277,118.11770960705276,23.430427757144088,Priority Based
275,3,91,93,65.80423197763736,25.176037702313067,Priority Based
276,6,311,315,72.14956125193991,77.40630130019794,Priority Based
276,4,22,26,55.27751182073996,57.40247325134985,Priority Based
277,5,8,12,93.76523647244223,45.65705520540477,Priority Based
277,5,229,237,109.0215235628607,61.16374418612807,Priority Based
278,3,287,288,99.96969244509144,17.002091873760065,Priority Based
278,9,188,190,80.16461175218546,14.67621340284326,Priority Based
278,13,311,314,44.09276113570171,24.57057120898437,Priority Based
279,6,282,284,142.54515922785333,32.60067289118769,Priority Based
279,2,272,274,120.34631642899991,25.36385914904092,Priority Based
279,9,110,112,77.68067971161537,29.250481402419204,Priority Based
280,13,119,122,95.47129847051409,37.41449058910747,Priority Based
280,2,259,261,75.14530462861221,31.01874841279871,Priority Based
280,7,71,73,104.27388552785304,30.183960059756473,Priority Based
281,10,41,42,121.38046921107065,16.29636191425889,Priority Based
281,3,79,82,133.69186784219326,26.70223067216227,Priority Based
281,1,17,21,176.22143375661867,36.762807737919104,Priority Based
281,1,8,11,125.80519524488118,25.19361892160714,Priority Based
282,12,58,62,124.33154936552712,71.14087233109933,Priority Based
282,14,129,133,85.29533315547775,69.19606512951427,Priority Based
283,12,191,194,100.05202068021346,53.40308883126221,Priority Based
283,13,214,216,113.31303344803423,28.354069183989196,Priority Based
284,4,83,89,113.89172705789912,93.74887584231291,Priority Based
284,3,56,63,139.15991180288978,58.649882037642385,Priority Based
284,13,298,304,97.91144227822899,65.89649184328557,Priority Based
284,13,248,253,114.140829544802,81.68767967088759,Priority Based
285,1,37,42,115.08383588369067,40.96689623648443,Priority Based
285,1,18,21,62.67915121609823,35.23672289504425,Priority Based
285,7,296,300,92.23138778560323,38.264987139204116,Priority Based
286,9,91,94,120.06513077045008,16.72525497575016,Priority Based
286,4,306,309,151.84123787367568,23.1818708148056,Priority Based
286,11,199,201,98.62778123633426,31.61423058576279,Priority Based
286,14,163,167,149.102128380483,36.73174173805612,Priority Based
287,12,302,308,95.41251841250332,53.27519454220372,Priority Based
287,2,301,309,87.33591352041363,57.18269540534185,Priority Based
287,12,185,188,86.01805503404698,35.73445176718297,Priority Based
287,8,42,46,173.77325751170096,40.37581226160699,Priority Based
287,10,42,45,163.97079069010186,36.16895075370317,Priority Based
288,3,281,282,171.07024883285692,10.352616534609329,Priority Based
288,10,163,165,170.68388787413681,18.939496754541942,Priority Based
288,11,67,72,142.3250810513859,32.26439708447217,Priority Based
288,3,33,35,69.3968134234959,27.19354301857053,Priority Based
289,14,139,143,97.42638209127131,41.646523131120844,Priority Based
289,1,164,169,110.52282384093454,45.80714170341015,Priority Based
289,1,189,192,56.950923155996605,50.42242568450066,Priority Based
290,5,57,59,132.98407917406539,38.96473334874885,Priority Based
290,11,41,48,77.63917433043522,83.2560449079944,Priority Based
290,11,33,41,136.8577383205664,79.73262722299215,Priority Based
291,13,17,20,138.58996238957496,44.05513747994328,Priority Based
292,9,226,231,69.39802121060055,39.526874563324384,Priority Based
293,4,301,302,123.52781102435503,15.294964227705465,Priority Based
293,14,187,189,173.65313258512535,35.14224770393472,Priority Based
293,0,8,12,156.65352242182865,46.86921404924634,Priority Based
293,10,301,306,179.17505445239976,45.71956713728293,Priority Based
293,3,133,136,86.67532221469463,34.223741967028104,Priority Based
294,1,247,248,126.64050235684422,5.0,Priority Based
294,9,44,46,73.54943957245183,23.024009024241753,Priority Based
294,5,249,252,115.60145795915064,24.845769525867997,Priority Based
295,4,283,286,194.37357235768232,29.046111472006753,Priority Based
295,5,249,252,172.05192887846775,22.809937944812,Priority Based
295,4,32,33,159.29763825942774,7.864590710258199,Priority Based
295,4,31,33,148.5500351991784,14.37244360737617,Priority Based
296,13,151,155,121.55696354730722,57.19868833975694,Priority Based
296,9,13,17,72.00125986513854,31.38275954863328,Priority Based
297,11,201,203,159.79167136537598,21.6826524555504,Priority Based
297,12,113,115,166.12602185831005,23.607087607833247,Priority Based
297,14,113,114,153.8774278261359,8.7054862305908,Priority Based
297,12,257,260,164.08610048039074,45.70070193953828,Priority Based
297,10,156,158,123.43926997808994,14.910766324336954,Priority Based
298,5,276,279,161.95524659333097,33.26266974410316,Priority Based
298,6,84,88,103.41330413264808,48.70985270117746,Priority Based
298,4,35,40,86.48292394068663,58.453611660284125,Priority Based
299,1,162,165,169.11528016229332,50.66489733328367,Priority Based
299,3,17,22,87.53653092747976,57.7583483554689,Priority Based
299,10,89,94,193.87929839827845,41.357332839474985,Priority Based
299,13,104,106,139.3234830552555,13.179343725838407,Priority Based
299,11,81,83,172.78968241016992,23.106329982191944,Priority Based
300,12,303,308,67.52736589633894,50.26980787992337,Priority Based
301,2,154,158,122.88837076721867,33.515648503221485,Priority Based
301,14,328,330,89.55991818498273,25.96874400639975,Priority Based
301,12,37,39,56.352339750597515,30.559918109376017,Priority Based
302,9,85,87,161.5151238507615,34.12980334712501,Priority Based
302,9,181,182,141.29216213355605,15.456184315342888,Priority Based
302,13,252,255,95.17417238843385,47.36091137297035,Priority Based
302,5,201,205,150.6146310203638,29.588383867180262,Priority Based
303,8,70,76,62.93094822786086,55.17980052176057,Priority Based
303,13,190,192,73.26035101404817,35.33925476724201,Priority Based
303,9,163,167,68.0254020697863,58.65254550211135,Priority Based
304,10,308,311,51.74350075495704,49.651887097461675,Priority Based
304,1,236,244,112.91506463534111,61.56277778108106,Priority Based
305,13,11,13,114.84303365771272,15.407183719668833,Priority Based
305,14,136,139,91.03152463568127,62.1880433419346,Priority Based
305,5,12,14,137.62032439170414,26.17640850619816,Priority Based
306,12,154,156,85.07408988828107,13.162059478439252,Priority Based
306,3,151,153,127.29335403597555,25.256929923352303,Priority Based
306,6,154,156,63.850677782515916,28.153941456910946,Priority Based
307,1,107,111,83.94422057373845,74.99282250769808,Priority Based
308,2,82,84,93.27929242068605,35.821858692429316,Priority Based
308,3,14,17,115.65330699030018,33.17462239676034,Priority Based
309,5,234,237,61.94032322525405,16.960788106016278,Priority Based
309,10,10,12,72.02469404313717,20.562829395005668,Priority Based
309,0,63,66,126.12658360984534,25.969537418072907,Priority Based
310,0,272,278,79.32290375528684,87.44004393881387,Priority Based
310,12,324,330,66.39606763373773,45.854469944937314,Priority Based
310,8,305,308,185.20667425095488,52.91566173966381,Priority Based
310,2,19,24,141.84284390535905,54.178990032602776,Priority Based
310,9,301,306,74.70047722393207,79.3772559985837,Priority Based
311,12,187,191,162.96609666993436,38.08368673869738,Priority Based
311,3,177,181,85.21715122767937,30.08336753631926,Priority Based
311,4,249,252,154.62352209596668,35.27145234453786,Priority Based
311,4,177,183,119.47715657658159,38.591015805123554,Priority Based
312,9,187,188,113.73965423478845,17.20237553238195,Priority Based
312,8,283,286,55.42323486552847,46.625738994670456,Priority Based
312,13,21,23,112.0302183104745,32.87142528305443,Priority Based
313,7,17,21,86.73911816229793,34.60127980048832,Priority Based
313,2,57,59,110.10970613725092,32.91905521466229,Priority Based
314,12,11,15,131.72185536333689,47.35043817024349,Priority Based
314,3,204,209,118.09410372019798,35.774468689940164,Priority Based
314,12,135,140,67.90052905971629,52.02606903463789,Priority Based
314,6,205,210,115.99363473625507,32.810043999248954,Priority Based
315,5,143,148,84.2530623737112,58.80916851500966,Priority Based
315,6,262,267,92.74513555030504,56.58343690590957,Priority Based
315,12,118,123,53.80039575879144,59.04300071173044,Priority Based
316,7,307,311,109.00864446606204,37.82762415602245,Priority Based
316,2,308,313,52.26344054353467,60.25905240143444,Priority Based
317,9,18,23,191.76488591594438,68.84748551306883,Priority Based
317,6,248,254,183.43276883942332,68.77798742694891,Priority Based
317,7,225,230,77.08743593782286,47.98516312137691,Priority Based
317,5,324,327,144.48600493962556,40.36792900652247,Priority Based
317,2,234,238,188.04608917795238,69.1871687989219,Priority Based
318,8,9,12,128.89217047439806,43.147514145741745,Priority Based
318,12,175,178,147.24367271954554,34.16358867731164,Priority Based
318,2,175,176,153.2088799068025,11.999876793505337,Priority Based
318,12,211,214,165.707979888549,29.880439471956606,Priority Based
319,0,299,301,96.33386520367034,24.799170465569652,Priority Based
319,14,156,158,92.17926708904538,22.32770961275802,Priority Based
319,1,300,302,123.677095776123,18.386569100209666,Priority Based
319,1,130,132,185.2336419261552,24.844918720651897,Priority Based
319,9,322,326,66.97814885982704,41.95659844151143,Priority Based
320,4,327,331,56.22226953788427,35.6414381464964,Priority Based
321,11,36,40,145.17207407298642,32.882225358731745,Priority Based
321,2,12,14,66.74339240799083,31.711877959255744,Priority Based
321,3,305,308,92.29843691653078,39.973483214633724,Priority Based
321,9,10,17,128.71609308597257,65.01635270314654,Priority Based
322,3,67,70,188.8645961233123,41.01730730057107,Priority Based
322,11,104,107,190.47249870758867,31.174548661878234,Priority Based
322,7,158,163,177.96992303373435,44.793672512074494,Priority Based
322,13,56,58,120.35622904652121,32.33138653732696,Priority Based
323,11,107,109,167.1294065571799,30.975767915734536,Priority Based
323,11,58,62,72.65393210836291,35.826921761919166,Priority Based
323,11,154,156,63.943527095416776,17.11275086462792,Priority Based
323,9,161,166,98.38031079503605,46.15335126899384,Priority Based
324,0,68,72,128.54450308522394,52.54933262890421,Priority Based
324,2,43,46,56.081631184979976,38.82045123313074,Priority Based
325,5,43,45,112.81817594259579,26.19106086728992,Priority Based
325,13,94,95,55.594186447850475,11.1809400273928,Priority Based
325,5,46,49,48.60091304457095,44.125455528943,Priority Based
326,7,45,53,80.57709453424718,65.57044161698508,Priority Based
326,5,164,168,115.52533194109839,30.714452937114782,Priority Based
327,3,328,329,105.0905976772159,19.74376938760767,Priority Based
327,12,133,137,104.0236627161283,30.23707313995362,Priority Based
327,8,329,331,82.34049061122516,21.05108158040924,Priority Based
327,5,79,81,173.1431532156253,26.33128096104912,Priority Based
328,4,207,211,99.28791795440839,67.06519274935424,Priority Based
329,8,40,45,55.58882682530752,41.839577284019335,Priority Based
329,11,329,332,78.17295914496609,30.770221421485168,Priority Based
330,7,19,21,74.36346654494372,23.493617190935502,Priority Based
330,4,331,332,121.73016374582447,19.933456000667938,Priority Based
330,8,90,93,160.67673323062763,26.449923813023258,Priority Based
331,3,323,327,102.86734431337663,50.636101270110366,Priority Based
331,4,273,275,109.80458224670235,30.33313950638074,Priority Based
331,2,251,255,62.15833070862409,48.52878379342114,Priority Based
332,0,32,34,160.9454346518468,32.823122587095476,Priority Based
332,12,163,168,114.79569567051087,28.987619020335032,Priority Based
332,2,235,239,115.30494033730585,51.07224743379696,Priority Based
332,11,283,285,143.61439555228662,29.956334402916056,Priority Based
332,0,138,139,125.34927160459586,14.029442149376184,Priority Based
333,3,189,195,52.72876506505656,47.40190609054192,Priority Based
333,11,112,114,136.1498622854022,30.351457725744204,Priority Based
333,2,109,112,135.4585768809481,23.507492046669633,Priority Based
334,13,116,121,149.04570074037514,72.63939972929235,Priority Based
334,14,18,21,128.16812079596195,38.14456484918176,Priority Based
334,7,17,22,74.39634814185632,70.31187814995549,Priority Based
335,11,332,334,84.8790588532021,35.72413711078512,Priority Based
336,13,283,284,46.01908062015304,10.265220668184153,Priority Based
336,8,20,22,118.67320922131424,14.78359424183946,Priority Based
337,8,201,203,79.50396901002752,34.59066313164731,Priority Based
337,4,234,237,104.0688414632291,49.09416229526042,Priority Based
337,9,80,82,140.11288914486374,14.1920189464265,Priority Based
337,9,90,92,187.7717003513184,19.68866301475768,Priority Based
338,8,332,334,57.895421181177134,25.859593261664035,Priority Based
338,6,310,315,75.58426666760582,45.625415238733396,Priority Based
338,8,284,286,40.59362463045201,27.60855761309042,Priority Based
339,6,307,309,130.7253547378513,28.796899040848736,Priority Based
339,4,187,190,74.69455802249749,21.24455980714186,Priority Based
339,7,66,70,111.73340540077558,41.43588689960891,Priority Based
340,12,114,119,174.95347125060536,83.07803025255677,Priority Based
340,7,9,12,94.12449621003005,44.84496995946253,Priority Based
340,1,281,283,189.91519679924662,34.992681337481756,Priority Based
340,1,298,300,157.63075448725712,26.587020836794967,Priority Based
340,8,234,241,176.203427776236,69.76102876036228,Priority Based
341,11,35,37,177.22337625558765,24.516425656731876,Priority Based
341,6,325,329,72.73258268584891,44.759120571207205,Priority Based
341,14,273,278,153.1640954158867,47.86470331967244,Priority Based
342,7,187,189,118.21928063013,33.097010158831324,Priority Based
342,13,258,260,141.5117358941885,30.334151480258516,Priority Based
342,14,79,83,152.46279223058391,23.812625176292904,Priority Based
342,13,79,81,131.99866299680778,21.422333530386112,Priority Based
342,9,42,45,95.28447848696047,46.05065289263632,Priority Based
343,6,11,19,85.70353426088887,67.07429385061175,Priority Based
344,4,31,35,97.18394638448609,38.493865085049976,Priority Based
344,1,256,263,84.46382205462983,81.56747442567965,Priority Based
344,9,107,113,147.12949119729376,68.43285562059108,Priority Based
345,12,91,96,159.89032902145092,43.075487408512366,Priority Based
345,8,330,335,161.36905567596136,48.16671389076596,Priority Based
345,14,162,168,146.09494430971375,46.63542333702235,Priority Based
346,12,322,328,81.23750769214638,52.0598366332277,Priority Based
346,4,162,165,172.92604298534218,36.98073876010437,Priority Based
346,13,186,191,184.58024321128545,92.8870467805013,Priority Based
346,2,160,162,90.36875508009524,38.47260834291879,Priority Based
346,8,56,59,79.2160113361465,24.031747694964523,Priority Based
347,9,80,84,135.70764577400988,37.84618082161785,Priority Based
347,6,160,163,123.83210605331382,32.677121498842865,Priority Based
347,12,155,158,154.02705396871815,38.73453727868099,Priority Based
347,4,209,214,86.07715288577212,30.3114559090939,Priority Based
347,5,9,11,171.80224105953903,25.626491827551316,Priority Based
348,7,60,64,123.32463505835669,28.710609940334113,Priority Based
348,11,306,309,120.2477498401881,36.758695122722045,Priority Based
348,11,37,39,146.51190580102934,28.097808797580797,Priority Based
348,6,34,37,157.63869840348713,45.89146918778749,Priority Based
349,12,79,82,50.2750995553921,36.629821031450675,Priority Based
350,0,42,47,171.16090759979969,42.81056555831414,Priority Based
350,9,131,132,134.72287728719377,17.711130538771705,Priority Based
350,8,104,106,183.64828987854344,20.556634874347225,Priority Based
350,4,41,43,144.42373002671607,32.20566798907178,Priority Based
351,4,43,45,145.93351682839187,33.832860586810156,Priority Based
352,6,307,313,45.55582608435208,62.95745481717774,Priority Based
352,9,45,51,74.4120602379006,58.994902112577414,Priority Based
353,13,90,93,66.94736717132123,49.82309782091037,Priority Based
353,13,273,281,65.73390857276969,65.98908809106798,Priority Based
353,9,162,165,88.5169183631676,43.04661366053762,Priority Based
354,4,163,166,88.49137719139506,46.09534947410096,Priority Based
355,5,283,287,80.16841936744552,42.77281930949287,Priority Based
355,0,187,191,65.48599975215818,52.84196178639602,Priority Based
356,8,135,138,91.42218914989313,45.40917861127509,Priority Based
357,3,17,20,101.6720999860331,48.54164626976957,Priority Based
357,6,80,84,146.48447193191151,72.32174004058234,Priority Based
357,2,177,182,98.65929033107972,48.48466218077845,Priority Based
357,0,304,309,146.12568495419376,40.30234306757178,Priority Based
358,6,323,328,113.79877142925007,42.17790902683633,Priority Based
358,14,176,181,148.34990675182036,35.64732330838886,Priority Based
358,10,41,45,69.83894906162138,56.09756600321579,Priority Based
358,2,211,213,192.64687708213972,21.996881769139158,Priority Based
359,9,272,276,163.79783800883766,54.35536819602572,Priority Based
359,0,160,163,145.72057031570466,58.950264699639106,Priority Based
359,4,306,309,154.25335373261873,55.66479254147636,Priority Based
360,4,310,313,60.2425234825712,64.19283588621767,Priority Based
360,5,92,94,64.43500018358858,40.237918162492804,Priority Based
361,10,257,265,126.04549143573736,58.50439692772809,Priority Based
361,1,259,263,73.58591984978091,53.361118206413586,Priority Based
361,0,247,250,65.83842758541111,41.47351110279642,Priority Based
361,12,89,95,92.58319916415802,65.63288203871788,Priority Based
362,6,129,132,90.2122591549645,31.682792690668645,Priority Based
363,7,139,143,119.72475016513013,54.84673215244354,Priority Based
363,10,158,163,127.50274123254962,32.45291726342585,Priority Based
363,6,176,182,98.87930351445665,53.73655576841894,Priority Based
364,3,212,218,43.94230000232717,46.499755573649324,Priority Based
364,12,310,312,90.9420684028774,36.885275696661765,Priority Based
365,4,43,45,110.52172840290416,40.83439118393995,Priority Based
366,9,203,206,70.8623877539056,40.00578070873836,Priority Based
366,1,162,168,104.95606435234397,52.8381383641644,Priority Based
366,6,326,328,155.91902007103437,27.143219076160243,Priority Based
367,7,43,49,82.83443446534447,74.9973795062318,Priority Based
367,12,18,23,103.7959631644099,48.06770596420751,Priority Based
368,3,201,204,137.68730434938226,48.206576679621115,Priority Based
368,9,161,165,120.27632608064906,31.461221510020035,Priority Based
368,10,67,70,121.17215917272375,34.78022858525666,Priority Based
369,0,65,68,108.70937648897291,39.999055671787886,Priority Based
369,4,56,58,71.01594636698238,20.84423971262766,Priority Based
369,8,281,282,144.3834686621311,14.63597073373111,Priority Based
370,14,322,325,104.19817185235819,21.581286549897747,Priority Based
370,7,305,308,90.09632886365495,40.05223446403873,Priority Based
371,8,306,309,144.65123961807996,25.519279917280524,Priority Based
371,4,163,165,143.27187764107757,23.969243021664404,Priority Based
371,5,114,117,165.55724279526825,38.31534933800778,Priority Based
371,13,271,273,149.11910241006774,36.18630127687587,Priority Based
372,11,91,94,66.69957054870814,42.684131700280616,Priority Based
372,12,65,71,66.86775669384065,49.864131043664194,Priority Based
372,14,273,276,81.71692635930799,39.977677650021846,Priority Based
372,6,257,260,80.88557903780094,51.244323115381846,Priority Based
373,7,298,305,104.71733761206448,58.026535575648595,Priority Based
373,7,157,162,132.38657461925138,47.03616649295318,Priority Based
373,13,323,329,173.099717246216,54.26144167652457,Priority Based
373,1,104,105,180.24036526390208,12.157512194730856,Priority Based
373,11,302,305,71.70071376632411,40.010190577624336,Priority Based
374,3,308,311,61.83638941123769,26.070306703417433,Priority Based
374,11,22,24,116.28591663247067,34.4236211380027,Priority Based
374,9,45,47,111.19430537508052,26.884079958023754,Priority Based
375,7,259,264,112.66761628904598,30.42854877349214,Priority Based
375,9,248,252,83.28012639469691,27.30092575899845,Priority Based
375,3,113,117,178.8636276180579,30.75657215786553,Priority Based
376,9,247,250,141.4386815712339,32.849764419246426,Priority Based
376,9,79,82,122.23629220930208,49.40576247693286,Priority Based
376,3,79,80,99.20966077544756,14.339863681398285,Priority Based
377,1,247,249,192.39223101441797,13.141644713303329,Priority Based
377,2,81,83,124.03632486076542,29.451307287517825,Priority Based
377,13,43,45,101.85630463470932,27.923259487259458,Priority Based
377,13,186,188,71.37648547508542,20.219431413685875,Priority Based
378,2,31,36,181.55678068131203,35.62396006214585,Priority Based
378,1,324,327,147.37221684459473,32.929031104526615,Priority Based
378,4,199,201,148.20450111247703,39.26232762256965,Priority Based
378,8,210,214,190.1205193883354,30.921312146429326,Priority Based
379,9,227,229,116.7660523127356,21.537853729564482,Priority Based
380,2,22,24,107.23253244509715,32.23309603876223,Priority Based
380,7,283,288,46.511364641436664,48.333355554164,Priority Based
381,4,186,188,148.14508278030738,33.70224852000744,Priority Based
381,14,306,308,110.04497023219021,25.445438193684417,Priority Based
381,12,43,47,127.89294779686331,41.06108408312566,Priority Based
381,6,56,59,87.7795766922139,23.867964659013627,Priority Based
381,12,158,161,191.79951361576352,36.93294075647592,Priority Based
382,9,79,82,89.84588908198259,38.56574205508279,Priority Based
382,5,116,119,60.32761655319003,44.003565304592,Priority Based
382,0,204,205,56.32540308742924,14.39838989786055,Priority Based
383,5,260,263,119.80020027849578,50.728010791079654,Priority Based
383,6,92,94,118.71425613612942,21.71580156642047,Priority Based
384,6,138,145,97.80701862691755,81.61645491993946,Priority Based
384,2,325,328,182.48736099664086,48.16732939539753,Priority Based
384,6,131,135,180.28528253572225,68.40852595438214,Priority Based
385,0,114,119,77.61465120629026,60.94468494535745,Priority Based
385,11,281,283,95.4408962132167,29.63456843712492,Priority Based
385,9,281,283,172.59155931707883,28.101480155592228,Priority Based
385,12,103,105,72.64458940547962,22.453650190361405,Priority Based
385,13,326,330,101.16260958379209,43.54576008986266,Priority Based
386,13,332,335,90.83059324633,44.222258073717065,Priority Based
387,1,18,20,129.03682248650875,35.82828749815704,Priority Based
388,14,130,132,131.73403191343306,20.77802645538872,Priority Based
388,14,225,231,130.79366935795338,45.628423500881425,Priority Based
388,2,163,165,185.938976006329,24.792499336774014,Priority Based
389,1,297,301,134.46064826173756,51.4188710528583,Priority Based
389,12,309,315,147.51633799147686,44.582918646663735,Priority Based
389,3,21,26,124.67498825153476,60.87953213309888,Priority Based
390,11,131,133,82.9602006938295,23.87638539153664,Priority Based
390,11,175,178,86.07885046387186,41.27551925897326,Priority Based
390,14,33,34,184.21670696524936,18.432505543614273,Priority Based
390,4,9,13,185.52032265567271,33.01581564388157,Priority Based
390,13,322,325,156.32462518710855,28.51826587711076,Priority Based
391,11,154,160,50.65163156918753,50.3281229594714,Priority Based
391,7,89,92,95.8451060949163,34.79146708128751,Priority Based
391,8,159,162,146.00582757647734,40.59712032473934,Priority Based
392,4,209,212,133.74329953448733,38.50821827027155,Priority Based
392,6,200,206,192.01674172905058,48.43652936413121,Priority Based
392,13,114,120,95.36421674607583,73.45546267021021,Priority Based
392,8,258,259,94.02628650121225,11.157079291522592,Priority Based
392,1,32,34,103.99524861459385,20.487963898303413,Priority Based
393,9,9,12,120.00135808100755,32.563719735774214,Priority Based
393,14,271,273,167.60418960886705,19.05977604154663,Priority Based
393,11,211,216,115.08259338704984,69.73117246454927,Priority Based
393,7,249,253,113.31159039699226,71.12903638207264,Priority Based
394,11,65,67,68.1186229723377,25.95684423610116,Priority Based
394,12,211,213,113.84110067487087,24.379029739146212,Priority Based
394,12,66,69,102.82355532177677,32.81362046113846,Priority Based
394,11,323,326,194.65972419729803,33.091003652082506,Priority Based
395,4,303,306,57.17683412350205,22.33132506938164,Priority Based
395,8,155,159,128.69845358954188,40.63884445836384,Priority Based
396,13,308,309,103.49370282445192,13.919161399283439,Priority Based
396,4,311,315,70.98867917663686,42.4890016558857,Priority Based
396,10,331,334,62.28681382776526,43.118831668838254,Priority Based
397,8,113,115,90.59272963140494,29.915022381351825,Priority Based
397,0,113,116,94.9646772836337,30.86985091245939,Priority Based
397,3,187,189,183.55591538221935,24.253952353131623,Priority Based
397,12,299,302,171.74847649682832,44.54652050035741,Priority Based
398,9,55,59,71.4950554073392,52.88049038614578,Priority Based
398,10,8,11,81.18701094837066,50.46276452386471,Priority Based
398,9,247,250,153.50622169395967,33.98547983982047,Priority Based
399,12,213,214,70.97836636983754,18.89700684041104,Priority Based
399,11,93,96,91.70257163275403,42.69858712264891,Priority Based
399,6,189,193,117.97895578060059,31.911805243272724,Priority Based
400,2,199,201,149.81955930343398,30.50700893601431,Priority Based
400,1,322,327,173.27937615672192,69.62723296595917,Priority Based
400,14,201,203,183.88176378117066,36.40147649622037,Priority Based
401,1,326,331,85.61112127741539,52.590519691384564,Priority Based
401,11,199,201,82.08269833471029,25.98997555350144,Priority Based
401,3,331,334,127.77588927925599,46.302898020474736,Priority Based
402,3,129,137,106.27985340003872,61.37112925956352,Priority Based
403,14,298,302,115.33414263944897,41.33359141811618,Priority Based
403,3,17,25,90.14518643555004,56.024486359343754,Priority Based
403,8,8,12,96.86718142848677,37.541400980910375,Priority Based
403,7,104,106,123.06680417998402,36.545764080026494,Priority Based
403,14,67,71,153.1306949199844,40.443370886051724,Priority Based
404,8,141,143,44.25482731737196,25.70036568960885,Priority Based
404,4,211,214,85.51966677629372,40.67533330398094,Priority Based
405,13,299,303,77.7335902676005,37.4065718163275,Priority Based
406,10,177,180,185.8909861738415,51.69730307024102,Priority Based
406,11,56,60,171.0675962295894,57.63721209307865,Priority Based
406,2,80,82,194.07806496677475,33.689887554400336,Priority Based
406,11,272,275,153.2911534269418,60.01894934199112,Priority Based
406,4,103,107,98.04379858577134,48.355735628783265,Priority Based
407,7,271,274,127.35927810066318,36.02881477268998,Priority Based
407,11,331,333,73.90461971914827,25.282171342912253,Priority Based
407,13,8,11,193.86952772344443,39.947512435072966,Priority Based
407,8,175,179,180.9505721563873,52.92557238362399,Priority Based
407,7,302,304,189.91389756559136,20.986972604215147,Priority Based
408,0,301,303,175.33351276058988,33.616468746668225,Priority Based
408,14,325,327,101.24661771207057,15.253649411475909,Priority Based
408,11,31,35,100.66552130119807,60.46452285448869,Priority Based
409,7,327,328,120.8942876084228,5.0,Priority Based
409,11,226,229,159.33638199579028,24.37216707586218,Priority Based
409,10,35,37,120.60325062027528,13.161066232457351,Priority Based
410,0,329,332,66.78575054223695,31.467965758712044,Priority Based
410,1,108,115,178.25955256705026,68.06283160305159,Priority Based
410,4,249,253,122.61754544970245,42.478564217425614,Priority Based
410,9,12,15,165.75887517639455,59.82022279228458,Priority Based
411,4,58,61,128.70358483485407,39.34909804120876,Priority Based
411,3,131,136,153.6945415175751,45.590767362623524,Priority Based
411,11,134,138,106.14788993179498,46.99059977914534,Priority Based
411,7,104,105,151.5206908771865,7.677127965139164,Priority Based
412,6,235,243,156.79509936674654,72.73795504053726,Priority Based
412,8,137,140,169.00871991262858,43.56325269663937,Priority Based
412,9,259,266,156.8392390911555,51.50775974143822,Priority Based
412,0,134,138,159.24743197984859,25.229145203083046,Priority Based
412,12,89,95,151.32940779890123,54.48657676105523,Priority Based
413,6,134,139,169.9758367479047,57.9666106295132,Priority Based
413,11,273,275,132.68152182060052,38.705400710857504,Priority Based
413,9,181,183,144.1485933485073,37.02507484481048,Priority Based
414,6,133,136,130.90464256093017,29.682502523227093,Priority Based
415,14,190,193,64.41550675519622,42.8871827506402,Priority Based
416,14,307,315,96.9879011997045,62.701564459892374,Priority Based
417,5,57,60,71.90209762490194,35.340539938859976,Priority Based
417,5,202,205,146.04172061392973,21.580817093420848,Priority Based
417,2,107,109,124.77856838060228,23.349866106554757,Priority Based
418,11,235,239,88.68152785683122,53.31602041047924,Priority Based
418,4,68,72,42.96868092306374,28.92886046892199,Priority Based
418,10,285,289,89.74996487856004,59.97767556579665,Priority Based
419,10,43,47,149.68347619611583,56.74528471460632,Priority Based
419,11,257,259,79.57239049516747,20.358140123293573,Priority Based
419,14,185,191,66.30500200087062,36.81684118807041,Priority Based
420,5,89,97,183.91521512714394,68.39956243093981,Priority Based
420,9,199,204,134.6984506136028,78.95653037972276,Priority Based
420,8,302,305,176.35437581463364,41.826983412972275,Priority Based
420,5,33,35,112.76034758975453,33.90227176205032,Priority Based
421,7,223,229,110.21525444616918,64.71513291487594,Priority Based
421,14,248,251,70.89904286144193,45.59770695846969,Priority Based
421,10,134,139,99.99468585531336,47.604050740867635,Priority Based
421,12,103,105,78.61930149854545,24.752061164640207,Priority Based
421,1,324,330,68.98263998679863,44.530991489564954,Priority Based
422,9,286,293,116.12339480818142,65.83604270148422,Priority Based
422,7,287,292,63.04352078278805,69.07306277273855,Priority Based
422,0,263,269,87.77594821273104,73.7168265634225,Priority Based
423,10,223,225,161.0716566692369,24.047792036780088,Priority Based
423,0,281,282,80.63453085854394,16.144479567548338,Priority Based
423,12,302,304,86.83680854177649,18.57328546435569,Priority Based
423,8,235,237,71.52551920956816,30.18436093134498,Priority Based
424,5,109,114,93.85189942459806,65.78294681819386,Priority Based
424,13,135,139,62.280888003080555,51.993911570448944,Priority Based
425,7,324,328,112.67008124777797,50.62243369491713,Priority Based
426,0,329,331,114.90444053724487,27.433764776069197,Priority Based
426,8,158,160,60.571935657784366,30.64369585746387,Priority Based
426,13,178,181,65.80349587143141,21.966537400863956,Priority Based
426,12,302,305,89.10270132569514,27.86781173892024,Priority Based
427,5,81,85,166.5427081661456,58.20167191220695,Priority Based
427,4,138,143,106.09036342833566,62.18638246958737,Priority Based
427,2,65,68,72.0131719886946,56.70149234682736,Priority Based
427,6,177,182,86.05778050087717,59.06740043083778,Priority Based
428,7,249,256,163.99101276185118,48.48331152926043,Priority Based
428,1,209,213,83.49868524373795,47.72880090848391,Priority Based
428,10,209,211,141.19392533183898,21.597129798449043,Priority Based
428,7,187,194,93.64805977364391,56.47157456214721,Priority Based
429,8,115,119,113.10806817309683,35.463117458336434,Priority Based
429,14,301,307,180.04937937640224,71.50917480242558,Priority Based
429,0,104,106,74.58674146835088,40.13496786404084,Priority Based
430,1,311,314,63.696835184002964,55.39736087668547,Priority Based
430,7,287,290,103.80167994544077,34.73925305299767,Priority Based
431,6,80,87,168.19745079061062,63.5419307369886,Priority Based
431,11,37,40,154.81895646833374,37.9338052483591,Priority Based
431,5,57,61,98.5346439669767,62.71139782382253,Priority Based
431,13,252,259,117.75015388458863,86.71524627112262,Priority Based
432,8,328,331,81.91347478997758,36.48939477107316,Priority Based
433,11,275,278,89.62805182393711,26.952009959526652,Priority Based
433,1,11,13,101.85474310440127,30.380717236794045,Priority Based
433,11,189,191,73.32049166502358,26.115787037838018,Priority Based
434,4,162,164,63.356608557789,20.31084869153657,Priority Based
435,14,202,205,88.42328513284306,52.04920425089666,Priority Based
435,8,249,251,178.69060078273273,29.326245848303238,Priority Based
435,9,58,60,69.33422402405616,32.77362946266021,Priority Based
435,7,322,326,81.56479990627042,40.32828805049574,Priority Based
436,3,331,334,65.2518501877927,28.247915759021666,Priority Based
436,3,55,58,156.76935437777576,25.54012848801704,Priority Based
436,8,19,22,174.18808316208924,42.519466043547865,Priority Based
437,13,108,111,131.62196975952966,41.12792786934063,Priority Based
437,14,181,184,162.62349674363745,40.24436398009502,Priority Based
437,8,160,166,101.95206045672201,57.26822384025099,Priority Based
437,12,329,332,65.03116252535801,35.71668570957819,Priority Based
438,12,175,178,177.71196020136117,36.856484801232305,Priority Based
438,12,130,134,191.23096086614154,48.224139431934766,Priority Based
438,5,156,161,157.8674710531527,55.14576232639598,Priority Based
439,1,103,106,155.11431049236128,51.83057714316635,Priority Based
439,14,303,306,108.09572779528297,37.980562863880465,Priority Based
439,14,247,250,141.45331776130135,33.79682510865522,Priority Based
439,12,331,333,121.86956954863217,29.46789302186562,Priority Based
440,10,69,73,45.47048976859452,43.0779983190254,Priority Based
440,4,238,241,69.6278297028338,49.02940538681561,Priority Based
440,8,285,289,65.41948038096655,47.69991973782077,Priority Based
441,9,104,108,194.1807439165306,41.62423849227589,Priority Based
441,8,301,305,129.13514728953066,60.30596592759976,Priority Based
441,4,272,276,89.06652957451834,49.570227478203975,Priority Based
441,7,66,69,158.236712386277,37.13920304079746,Priority Based
441,11,161,169,94.9805700029687,70.72984721429503,Priority Based
442,14,20,24,83.92239433690702,69.04309977343823,Priority Based
443,2,117,119,75.60362266518923,24.838846480310185,Priority Based
443,6,142,143,106.4194822376326,18.585513659346116,Priority Based
443,5,115,118,117.77456623734084,35.610804648827454,Priority Based
444,10,261,268,92.71747896730093,66.91353874678472,Priority Based
445,9,90,94,100.94375143903424,54.861987179846594,Priority Based
445,13,282,287,77.56475214564756,56.441406224755674,Priority Based
445,14,17,22,83.91387646941185,89.71349636295255,Priority Based
445,14,57,61,104.3888209863661,62.709545754393574,Priority Based
446,13,306,311,89.75660087891771,53.44803584838402,Priority Based
446,7,309,315,62.76119049919451,67.50145811293763,Priority Based
447,5,79,81,132.3072516508348,22.585653173045678,Priority Based
448,3,282,286,100.34506940020357,36.06199845374043,Priority Based
449,13,177,182,89.05162605582657,35.247611803329534,Priority Based
449,3,40,43,86.71431593120738,26.084826613969028,Priority Based
450,10,248,252,158.83955746818117,26.185072496451976,Priority Based
450,2,199,201,111.9877400622503,17.207225522616916,Priority Based
450,14,79,81,120.38573345035405,27.128139641172588,Priority Based
450,8,200,203,188.04146780866807,24.503029859338874,Priority Based
451,5,8,12,126.68036652069574,27.822724032987296,Priority Based
452,6,139,143,103.25255305149996,38.547308242819355,Priority Based
452,6,81,85,86.04379078533134,63.54876047739276,Priority Based
452,4,156,159,125.94123597653288,41.78291901006473,Priority Based
453,2,47,54,91.52757547489486,49.50144166518381,Priority Based
453,4,45,48,45.43077694925591,30.764965223253014,Priority Based
453,4,93,98,89.43644168346005,35.366651014880254,Priority Based
454,1,60,61,157.8599672524223,13.758828715561926,Priority Based
454,13,56,58,171.6907766354582,18.167118086088447,Priority Based
454,8,56,58,176.55956402547838,12.88920768871504,Priority Based
454,2,273,276,145.42767003680225,23.50049587825801,Priority Based
455,4,303,306,56.702587547724846,32.55808365386141,Priority Based
456,11,156,161,82.6309481823363,36.371516793203895,Priority Based
457,8,299,301,124.72418619419614,29.65868320424751,Priority Based
457,7,322,325,104.00578924004898,27.781360672942437,Priority Based
458,5,204,207,138.85834513127418,34.65633015836439,Priority Based
458,13,33,36,113.22109221361373,35.483886509461776,Priority Based
458,4,227,230,101.34818753505299,21.409378914061822,Priority Based
458,14,108,110,111.41677177878985,32.73734395505067,Priority Based
459,14,154,155,85.52687636193721,20.36524418473148,Priority Based
460,1,274,279,86.10593160172296,64.45495012463495,Priority Based
460,13,272,276,124.12655571429202,40.314454108384545,Priority Based
460,14,107,111,65.96619509855628,41.31779339449214,Priority Based
461,8,201,208,131.58899746818008,67.6301789528582,Priority Based
461,8,303,308,99.93419325439358,52.119349586782555,Priority Based
461,7,67,72,158.27203179997034,76.39295463304765,Priority Based
461,1,258,266,98.64794030900647,75.62556484674843,Priority Based
462,7,330,335,65.02618175746036,40.68035347854477,Priority Based
462,13,81,83,183.70645471841453,36.63735313990594,Priority Based
462,11,329,331,147.7275553216635,22.13428390176444,Priority Based
462,3,201,202,115.89470597708467,19.086859794845516,Priority Based
463,2,297,301,136.72263587993717,56.91660084545907,Priority Based
464,0,224,232,142.06136021697736,81.17496799536764,Priority Based
464,2,330,336,180.5041600523661,52.609295694611895,Priority Based
464,1,177,185,169.1254194198164,69.95454853936805,Priority Based
464,11,200,202,122.36588908334524,38.88479006959203,Priority Based
465,3,44,47,95.9063168755417,34.66353128849214,Priority Based
466,8,209,211,76.87702585015398,30.60197218892697,Priority Based
466,6,41,43,148.88457467864717,27.397803398444985,Priority Based
466,9,186,190,78.01018078249245,31.063317908054103,Priority Based
466,2,234,237,105.93708227244099,20.29755553699511,Priority Based
466,2,327,330,115.88078636969506,27.54766220063945,Priority Based
467,10,228,232,73.29920525459397,71.80423645801619,Priority Based
467,14,180,187,90.49292199404275,83.76018977030122,Priority Based
468,12,260,262,42.67808516625809,27.133726369262117,Priority Based
468,9,22,25,51.85752878428133,27.46663116910513,Priority Based
468,2,189,191,86.74701088648976,37.98674592706933,Priority Based
469,4,332,334,69.87088836378734,19.12599661117724,Priority Based
470,9,307,312,75.56387512672835,44.26522992413017,Priority Based
470,6,261,264,61.60185112791395,43.67917852667814,Priority Based
471,11,107,110,139.4539600212313,41.772266923867775,Priority Based
471,11,275,281,64.3249290318241,55.395978298834606,Priority Based
471,3,83,87,78.89416003755183,43.62540626144029,Priority Based
472,8,201,204,133.17211254931857,52.722035809403316,Priority Based
473,9,178,181,65.38085242078954,21.462621732033746,Priority Based
473,13,105,110,111.6419397516513,69.56750788092171,Priority Based
473,2,229,233,146.61060038711895,65.32685323559207,Priority Based
473,0,135,143,77.5843860946888,64.09152333374278,Priority Based
474,10,249,252,75.30460309881258,26.52000436917317,Priority Based
474,14,9,13,167.29313499406626,30.24508769434271,Priority Based
474,10,330,332,134.14142421643137,29.880760971382553,Priority Based
474,7,32,34,81.33613144949575,24.76392412218373,Priority Based
475,6,130,133,82.06648130990905,20.17525285459114,Priority Based
476,7,22,25,112.04085149099815,47.0892785001227,Priority Based
476,4,236,241,75.74004821526157,76.14546288368103,Priority Based
477,0,161,163,135.55680363631754,31.148846451466536,Priority Based
477,9,66,69,89.38451051643838,44.08023268160248,Priority Based
477,3,7,12,177.37273116444234,72.89923502358545,Priority Based
477,9,185,188,128.45887723854452,48.04830624370359,Priority Based
478,9,43,45,166.16333327305108,25.388997535937644,Priority Based
478,9,257,261,121.71500640553661,38.61590262972365,Priority Based
478,1,56,58,168.39981263594032,31.314067512696028,Priority Based
478,2,257,261,186.3255550595058,34.94320227091147,Priority Based
479,10,234,239,85.64781651478324,78.55501376424485,Priority Based
479,8,236,243,81.18596272998366,56.74758563617982,Priority Based
480,6,113,116,156.77685076623743,28.73066761925866,Priority Based
480,11,114,117,130.24609327081976,48.88915625029652,Priority Based
480,5,105,109,85.46403897534537,45.20028384955913,Priority Based
481,4,330,333,176.3787287053996,30.288656870624543,Priority Based
481,5,225,230,72.40154440185074,69.58939202506689,Priority Based
481,5,56,59,170.37650853882002,53.35108012456174,Priority Based
481,14,201,207,179.7186501552111,51.26914769748919,Priority Based
482,8,188,191,73.74693858946351,45.1119021833304,Priority Based
482,14,140,143,52.71243479003972,38.471300195055775,Priority Based
483,13,228,232,117.93893186267032,54.540100872161304,Priority Based
483,4,38,39,95.23448529996449,5.0,Priority Based
484,9,117,121,102.67841188070489,51.35454220533059,Priority Based
484,10,139,143,75.90111107414678,43.9505992141809,Priority Based
484,11,23,26,77.58750561918778,46.722172493057954,Priority Based
485,5,302,305,82.9893889960599,54.86608501303952,Priority Based
485,5,322,327,70.90562637691217,93.33371090156282,Priority Based
486,9,165,168,114.18875771484792,29.741915629599927,Priority Based
487,10,139,143,141.19757436817588,70.84162007496025,Priority Based
487,10,277,279,118.64123437411651,32.846230585450726,Priority Based
487,12,59,63,136.37039037779056,30.145694516191497,Priority Based
488,0,322,326,125.55212451339644,31.433756626973548,Priority Based
488,13,257,259,147.66501987200704,28.601616039879254,Priority Based
488,9,234,237,98.68561355528499,48.70037604746001,Priority Based
488,2,201,202,135.8562915256481,16.70118941775973,Priority Based
488,11,201,203,125.0084181802716,14.922838587424938,Priority Based
489,9,117,120,61.35125969196502,49.174332050460634,Priority Based
489,5,235,239,66.86346701255798,37.6243823458913,Priority Based
490,2,325,327,171.48626322655704,12.325084888831643,Priority Based
490,1,31,35,175.96857278173786,42.33472258047611,Priority Based
490,8,186,189,90.63505000836534,36.49042609517303,Priority Based
490,10,201,202,102.69940241252922,14.097360326942574,Priority Based
491,0,304,308,56.46739669213981,49.07631871965271,Priority Based
492,8,162,164,73.84970869095815,29.474659674687242,Priority Based
492,11,106,112,113.0659123806824,63.96966024753905,Priority Based
492,5,228,232,88.81150755341851,52.75293053323973,Priority Based
492,11,104,107,68.13994999371873,56.706561405639206,Priority Based
493,6,304,307,142.68722028146584,42.917211737772746,Priority Based
494,5,301,305,158.35496785965117,21.217317237401776,Priority Based
494,0,257,259,87.32952671501225,34.16543657467306,Priority Based
494,8,281,282,102.31735879549025,13.636202796447273,Priority Based
494,10,323,324,109.95546601439693,10.343182982641157,Priority Based
494,13,66,69,77.00820910586657,23.40789440219301,Priority Based
495,1,59,61,65.23240603034552,33.948284891608736,Priority Based
495,13,155,161,172.46339125423845,41.625799004592864,Priority Based
495,6,35,40,169.2662700985916,53.19592447589115,Priority Based
496,11,227,234,114.10490776826879,53.59761798597945,Priority Based
496,9,328,330,90.27024610886424,30.580814274577207,Priority Based
496,3,161,165,174.36007179594858,54.52576691982513,Priority Based
496,3,277,279,146.5489529991431,20.66584991660638,Priority Based
497,3,185,187,193.13578018257098,12.66537622964655,Priority Based
497,3,57,59,140.90209656783458,28.087083949705274,Priority Based
497,2,57,59,148.85320340926623,28.88195691062839,Priority Based
498,14,175,178,126.73729793802515,54.077340663940326,Priority Based
498,7,103,107,129.07027652797154,49.2631982131456,Priority Based
498,5,139,141,152.7037681111543,17.009484232743034,Priority Based
498,13,248,251,93.55939130583262,44.424992532750586,Priority Based
498,0,185,190,93.28588280283428,62.51259050879761,Priority Based
499,14,56,58,82.16376652936458,30.501202453089192,Priority Based
499,4,36,40,134.77378081953296,69.20220663685286,Priority Based
499,11,250,254,153.18989532538427,69.29729433928836,Priority Based
499,2,138,142,118.9256654913704,40.02941078463189,Priority Based
